module,class,extractor_key,status,go_extractor,shared_backend,risk_flags,confidence,rationale
abc,ABCIE,ABC,uses_existing_shared_backend,,youtube,,medium,upstream class references a media backend already implemented in Go
abc,ABCIViewIE,ABCIView,requires_new_backend,,,,low,no exact Go mapping or existing shared-backend handoff was detected; manual family review is required
abc,ABCIViewShowSeriesIE,ABCIViewShowSeries,requires_new_backend,,,,low,no exact Go mapping or existing shared-backend handoff was detected; manual family review is required
abcnews,AbcNewsIE,AbcNews,requires_new_backend,,,,low,no exact Go mapping or existing shared-backend handoff was detected; manual family review is required
abcnews,AbcNewsVideoIE,AbcNewsVideo,requires_new_backend,,,,low,no exact Go mapping or existing shared-backend handoff was detected; manual family review is required
abcotvs,ABCOTVSClipsIE,ABCOTVSClips,already_supported,abcotvs_clips,,,high,normalized upstream key exactly matches a registered Go extractor
abcotvs,ABCOTVSIE,ABCOTVS,already_supported,abcotvs,,,high,normalized upstream key exactly matches a registered Go extractor
abematv,AbemaTVIE,AbemaTV,requires_authentication_or_antibot,,,authentication,medium,"upstream class contains explicit authentication, password, OAuth, or impersonation behavior"
abematv,AbemaTVTitleIE,AbemaTVTitle,requires_new_backend,,,,low,no exact Go mapping or existing shared-backend handoff was detected; manual family review is required
academicearth,AcademicEarthCourseIE,AcademicEarthCourse,requires_new_backend,,,,low,no exact Go mapping or existing shared-backend handoff was detected; manual family review is required
acast,ACastChannelIE,ACastChannel,already_supported,acast_channel,,,high,normalized upstream key exactly matches a registered Go extractor
acast,ACastIE,ACast,already_supported,acast,,,high,normalized upstream key exactly matches a registered Go extractor
acfun,AcFunBangumiIE,AcFunBangumi,requires_new_backend,,,,low,no exact Go mapping or existing shared-backend handoff was detected; manual family review is required
acfun,AcFunVideoIE,AcFunVideo,requires_new_backend,,,,low,no exact Go mapping or existing shared-backend handoff was detected; manual family review is required
adn,ADNIE,ADN,requires_authentication_or_antibot,,,authentication;login,medium,"upstream class contains explicit authentication, password, OAuth, or impersonation behavior"
adn,ADNSeasonIE,ADNSeason,requires_new_backend,,,,low,no exact Go mapping or existing shared-backend handoff was detected; manual family review is required
adobeconnect,AdobeConnectIE,AdobeConnect,obsolete_or_intentional_deviation,,,,high,upstream class explicitly declares _WORKING = False
adobetv,AdobeTVVideoIE,AdobeTVVideo,requires_new_backend,,,,low,no exact Go mapping or existing shared-backend handoff was detected; manual family review is required
adultswim,AdultSwimIE,AdultSwim,requires_new_backend,,,,low,no exact Go mapping or existing shared-backend handoff was detected; manual family review is required
aenetworks,AENetworksCollectionIE,AENetworksCollection,requires_new_backend,,,,low,no exact Go mapping or existing shared-backend handoff was detected; manual family review is required
aenetworks,AENetworksIE,AENetworks,requires_new_backend,,,,low,no exact Go mapping or existing shared-backend handoff was detected; manual family review is required
aenetworks,AENetworksShowIE,AENetworksShow,requires_new_backend,,,,low,no exact Go mapping or existing shared-backend handoff was detected; manual family review is required
aenetworks,BiographyIE,Biography,requires_new_backend,,,,low,no exact Go mapping or existing shared-backend handoff was detected; manual family review is required
aenetworks,HistoryPlayerIE,HistoryPlayer,requires_new_backend,,,,low,no exact Go mapping or existing shared-backend handoff was detected; manual family review is required
aenetworks,HistoryTopicIE,HistoryTopic,requires_new_backend,,,,low,no exact Go mapping or existing shared-backend handoff was detected; manual family review is required
aeonco,AeonCoIE,AeonCo,already_supported,aeonco,vimeo,,high,normalized upstream key exactly matches a registered Go extractor
afreecatv,AfreecaTVCatchStoryIE,AfreecaTVCatchStory,requires_new_backend,,,,low,no exact Go mapping or existing shared-backend handoff was detected; manual family review is required
afreecatv,AfreecaTVIE,AfreecaTV,requires_authentication_or_antibot,,,login,medium,"upstream class contains explicit authentication, password, OAuth, or impersonation behavior"
afreecatv,AfreecaTVLiveIE,AfreecaTVLive,requires_authentication_or_antibot,,,login,medium,"upstream class contains explicit authentication, password, OAuth, or impersonation behavior"
afreecatv,AfreecaTVUserIE,AfreecaTVUser,requires_new_backend,,,,low,no exact Go mapping or existing shared-backend handoff was detected; manual family review is required
agalega,AGalegaIE,AGalega,requires_new_backend,,,,low,no exact Go mapping or existing shared-backend handoff was detected; manual family review is required
agora,TokFMAuditionIE,TokFMAudition,requires_new_backend,,,,low,no exact Go mapping or existing shared-backend handoff was detected; manual family review is required
agora,TokFMPodcastIE,TokFMPodcast,requires_new_backend,,,,low,no exact Go mapping or existing shared-backend handoff was detected; manual family review is required
agora,WyborczaPodcastIE,WyborczaPodcast,requires_new_backend,,,,low,no exact Go mapping or existing shared-backend handoff was detected; manual family review is required
agora,WyborczaVideoIE,WyborczaVideo,requires_new_backend,,,,low,no exact Go mapping or existing shared-backend handoff was detected; manual family review is required
aitube,AitubeKZVideoIE,AitubeKZVideo,requires_new_backend,,,,low,no exact Go mapping or existing shared-backend handoff was detected; manual family review is required
alibaba,AlibabaIE,Alibaba,requires_new_backend,,,,low,no exact Go mapping or existing shared-backend handoff was detected; manual family review is required
aliexpress,AliExpressLiveIE,AliExpressLive,requires_new_backend,,,,low,no exact Go mapping or existing shared-backend handoff was detected; manual family review is required
aljazeera,AlJazeeraIE,AlJazeera,uses_existing_shared_backend,,brightcove,,medium,upstream class references a media backend already implemented in Go
allocine,AllocineIE,Allocine,requires_new_backend,,,,low,no exact Go mapping or existing shared-backend handoff was detected; manual family review is required
allstar,AllstarIE,Allstar,requires_new_backend,,,,low,no exact Go mapping or existing shared-backend handoff was detected; manual family review is required
allstar,AllstarProfileIE,AllstarProfile,requires_new_backend,,,,low,no exact Go mapping or existing shared-backend handoff was detected; manual family review is required
alphaporno,AlphaPornoIE,AlphaPorno,requires_new_backend,,,,low,no exact Go mapping or existing shared-backend handoff was detected; manual family review is required
altcensored,AltCensoredChannelIE,AltCensoredChannel,requires_new_backend,,,,low,no exact Go mapping or existing shared-backend handoff was detected; manual family review is required
altcensored,AltCensoredIE,AltCensored,requires_new_backend,,,,low,no exact Go mapping or existing shared-backend handoff was detected; manual family review is required
alura,AluraCourseIE,AluraCourse,requires_authentication_or_antibot,,,login,medium,"upstream class contains explicit authentication, password, OAuth, or impersonation behavior"
alura,AluraIE,Alura,requires_authentication_or_antibot,,,login,medium,"upstream class contains explicit authentication, password, OAuth, or impersonation behavior"
amadeustv,AmadeusTVIE,AmadeusTV,requires_new_backend,,,,low,no exact Go mapping or existing shared-backend handoff was detected; manual family review is required
amara,AmaraIE,Amara,already_supported,amara,vimeo,,high,normalized upstream key exactly matches a registered Go extractor
amazon,AmazonReviewsIE,AmazonReviews,requires_new_backend,,,,low,no exact Go mapping or existing shared-backend handoff was detected; manual family review is required
amazon,AmazonStoreIE,AmazonStore,requires_new_backend,,,,low,no exact Go mapping or existing shared-backend handoff was detected; manual family review is required
amazonminitv,AmazonMiniTVIE,AmazonMiniTV,requires_new_backend,,,,low,no exact Go mapping or existing shared-backend handoff was detected; manual family review is required
amazonminitv,AmazonMiniTVSeasonIE,AmazonMiniTVSeason,requires_new_backend,,,,low,no exact Go mapping or existing shared-backend handoff was detected; manual family review is required
amazonminitv,AmazonMiniTVSeriesIE,AmazonMiniTVSeries,requires_new_backend,,,,low,no exact Go mapping or existing shared-backend handoff was detected; manual family review is required
amcnetworks,AMCNetworksIE,AMCNetworks,already_supported,amcnetworks,brightcove,,high,normalized upstream key exactly matches a registered Go extractor
americastestkitchen,AmericasTestKitchenIE,AmericasTestKitchen,requires_new_backend,,,,low,no exact Go mapping or existing shared-backend handoff was detected; manual family review is required
americastestkitchen,AmericasTestKitchenSeasonIE,AmericasTestKitchenSeason,requires_new_backend,,,,low,no exact Go mapping or existing shared-backend handoff was detected; manual family review is required
angel,AngelIE,Angel,requires_new_backend,,,,low,no exact Go mapping or existing shared-backend handoff was detected; manual family review is required
antenna,Ant1NewsGrArticleIE,Ant1NewsGrArticle,requires_new_backend,,,,low,no exact Go mapping or existing shared-backend handoff was detected; manual family review is required
antenna,Ant1NewsGrEmbedIE,Ant1NewsGrEmbed,requires_new_backend,,,,low,no exact Go mapping or existing shared-backend handoff was detected; manual family review is required
antenna,AntennaGrWatchIE,AntennaGrWatch,requires_new_backend,,,,low,no exact Go mapping or existing shared-backend handoff was detected; manual family review is required
anvato,AnvatoIE,Anvato,already_supported,anvato,anvato,,high,normalized upstream key exactly matches a registered Go extractor
aol,AolIE,Aol,obsolete_or_intentional_deviation,,,,high,upstream class explicitly declares _WORKING = False
apa,APAIE,APA,uses_existing_shared_backend,,jwplatform,,medium,upstream class references a media backend already implemented in Go
aparat,AparatIE,Aparat,requires_new_backend,,,,low,no exact Go mapping or existing shared-backend handoff was detected; manual family review is required
appleconnect,AppleConnectIE,AppleConnect,requires_authentication_or_antibot,,,authentication,medium,"upstream class contains explicit authentication, password, OAuth, or impersonation behavior"
applepodcasts,ApplePodcastsIE,ApplePodcasts,already_supported,applepodcasts,,,high,curated exact mapping to a registered Go extractor
archiveorg,ArchiveOrgIE,ArchiveOrg,already_supported,internetarchive,,,high,curated exact mapping to a registered Go extractor
archiveorg,YoutubeWebArchiveIE,YoutubeWebArchive,partially_supported,,,,medium,"the Go port implements this upstream site family, but no exact extractor-key mapping is proven"
arcpublishing,ArcPublishingIE,ArcPublishing,already_supported,arcpublishing,arcpublishing,,high,normalized upstream key exactly matches a registered Go extractor
ard,ARDAudiothekIE,ARDAudiothek,partially_supported,,,,medium,"the Go port implements this upstream site family, but no exact extractor-key mapping is proven"
ard,ARDAudiothekPlaylistIE,ARDAudiothekPlaylist,partially_supported,,,,medium,"the Go port implements this upstream site family, but no exact extractor-key mapping is proven"
ard,ARDBetaMediathekIE,ARDBetaMediathek,already_supported,ard,,authentication;login,high,curated exact mapping to a registered Go extractor
ard,ARDMediathekCollectionIE,ARDMediathekCollection,partially_supported,,,,medium,"the Go port implements this upstream site family, but no exact extractor-key mapping is proven"
arnes,ArnesIE,Arnes,requires_new_backend,,,,low,no exact Go mapping or existing shared-backend handoff was detected; manual family review is required
art19,Art19IE,Art19,already_supported,art19,,,high,normalized upstream key exactly matches a registered Go extractor
art19,Art19ShowIE,Art19Show,already_supported,art19_show,,,high,normalized upstream key exactly matches a registered Go extractor
arte,ArteTVCategoryIE,ArteTVCategory,requires_new_backend,,,,low,no exact Go mapping or existing shared-backend handoff was detected; manual family review is required
arte,ArteTVEmbedIE,ArteTVEmbed,requires_new_backend,,,,low,no exact Go mapping or existing shared-backend handoff was detected; manual family review is required
arte,ArteTVIE,ArteTV,requires_new_backend,,,,low,no exact Go mapping or existing shared-backend handoff was detected; manual family review is required
arte,ArteTVPlaylistIE,ArteTVPlaylist,requires_authentication_or_antibot,,,authentication,medium,"upstream class contains explicit authentication, password, OAuth, or impersonation behavior"
asobichannel,AsobiChannelIE,AsobiChannel,requires_authentication_or_antibot,,,authentication,medium,"upstream class contains explicit authentication, password, OAuth, or impersonation behavior"
asobichannel,AsobiChannelTagURLIE,AsobiChannelTagURL,requires_new_backend,,,,low,no exact Go mapping or existing shared-backend handoff was detected; manual family review is required
asobistage,AsobiStageIE,AsobiStage,requires_authentication_or_antibot,,,authentication;login,medium,"upstream class contains explicit authentication, password, OAuth, or impersonation behavior"
atresplayer,AtresPlayerIE,AtresPlayer,requires_authentication_or_antibot,,,login,medium,"upstream class contains explicit authentication, password, OAuth, or impersonation behavior"
atscaleconf,AtScaleConfEventIE,AtScaleConfEvent,requires_new_backend,,,,low,no exact Go mapping or existing shared-backend handoff was detected; manual family review is required
audimedia,AudiMediaIE,AudiMedia,requires_new_backend,,,,low,no exact Go mapping or existing shared-backend handoff was detected; manual family review is required
audioboom,AudioBoomIE,AudioBoom,requires_new_backend,,,,low,no exact Go mapping or existing shared-backend handoff was detected; manual family review is required
audiodraft,AudiodraftCustomIE,AudiodraftCustom,requires_new_backend,,,,low,no exact Go mapping or existing shared-backend handoff was detected; manual family review is required
audiodraft,AudiodraftGenericIE,AudiodraftGeneric,requires_new_backend,,,,low,no exact Go mapping or existing shared-backend handoff was detected; manual family review is required
audiomack,AudiomackAlbumIE,AudiomackAlbum,requires_new_backend,,,,low,no exact Go mapping or existing shared-backend handoff was detected; manual family review is required
audiomack,AudiomackIE,Audiomack,requires_new_backend,,,,low,no exact Go mapping or existing shared-backend handoff was detected; manual family review is required
audius,AudiusIE,Audius,requires_new_backend,,,,low,no exact Go mapping or existing shared-backend handoff was detected; manual family review is required
audius,AudiusPlaylistIE,AudiusPlaylist,requires_new_backend,,,,low,no exact Go mapping or existing shared-backend handoff was detected; manual family review is required
audius,AudiusProfileIE,AudiusProfile,requires_new_backend,,,,low,no exact Go mapping or existing shared-backend handoff was detected; manual family review is required
audius,AudiusTrackIE,AudiusTrack,requires_new_backend,,,,low,no exact Go mapping or existing shared-backend handoff was detected; manual family review is required
azmedien,AZMedienIE,AZMedien,already_supported,azmedien,kaltura,,high,normalized upstream key exactly matches a registered Go extractor
baidu,BaiduVideoIE,BaiduVideo,requires_new_backend,,,,low,no exact Go mapping or existing shared-backend handoff was detected; manual family review is required
banbye,BanByeChannelIE,BanByeChannel,requires_new_backend,,,,low,no exact Go mapping or existing shared-backend handoff was detected; manual family review is required
banbye,BanByeIE,BanBye,requires_new_backend,,,,low,no exact Go mapping or existing shared-backend handoff was detected; manual family review is required
bandcamp,BandcampAlbumIE,BandcampAlbum,partially_supported,,,,medium,"the Go port implements this upstream site family, but no exact extractor-key mapping is proven"
bandcamp,BandcampIE,Bandcamp,already_supported,bandcamp,,,high,normalized upstream key exactly matches a registered Go extractor
bandcamp,BandcampUserIE,BandcampUser,partially_supported,,,,medium,"the Go port implements this upstream site family, but no exact extractor-key mapping is proven"
bandcamp,BandcampWeeklyIE,BandcampWeekly,partially_supported,,,,medium,"the Go port implements this upstream site family, but no exact extractor-key mapping is proven"
bandlab,BandlabIE,Bandlab,requires_new_backend,,,,low,no exact Go mapping or existing shared-backend handoff was detected; manual family review is required
bandlab,BandlabPlaylistIE,BandlabPlaylist,requires_new_backend,,,,low,no exact Go mapping or existing shared-backend handoff was detected; manual family review is required
bannedvideo,BannedVideoIE,BannedVideo,requires_new_backend,,,,low,no exact Go mapping or existing shared-backend handoff was detected; manual family review is required
bbc,BBCCoUkArticleIE,BBCCoUkArticle,partially_supported,,,,medium,"the Go port implements this upstream site family, but no exact extractor-key mapping is proven"
bbc,BBCCoUkIE,BBCCoUk,already_supported,bbciplayer,,login,high,curated exact mapping to a registered Go extractor
bbc,BBCCoUkIPlayerEpisodesIE,BBCCoUkIPlayerEpisodes,partially_supported,,,,medium,"the Go port implements this upstream site family, but no exact extractor-key mapping is proven"
bbc,BBCCoUkIPlayerGroupIE,BBCCoUkIPlayerGroup,partially_supported,,,,medium,"the Go port implements this upstream site family, but no exact extractor-key mapping is proven"
bbc,BBCCoUkPlaylistIE,BBCCoUkPlaylist,partially_supported,,,,medium,"the Go port implements this upstream site family, but no exact extractor-key mapping is proven"
bbc,BBCIE,BBC,partially_supported,,,,medium,"the Go port implements this upstream site family, but no exact extractor-key mapping is proven"
beacon,BeaconTvIE,BeaconTv,requires_authentication_or_antibot,,,login,medium,"upstream class contains explicit authentication, password, OAuth, or impersonation behavior"
beatport,BeatportIE,Beatport,requires_new_backend,,,,low,no exact Go mapping or existing shared-backend handoff was detected; manual family review is required
beeg,BeegIE,Beeg,requires_new_backend,,,,low,no exact Go mapping or existing shared-backend handoff was detected; manual family review is required
behindkink,BehindKinkIE,BehindKink,obsolete_or_intentional_deviation,,,,high,upstream class explicitly declares _WORKING = False
berufetv,BerufeTVIE,BerufeTV,requires_new_backend,,,,low,no exact Go mapping or existing shared-backend handoff was detected; manual family review is required
bet,BetIE,Bet,requires_new_backend,,,,low,no exact Go mapping or existing shared-backend handoff was detected; manual family review is required
bfi,BFIPlayerIE,BFIPlayer,obsolete_or_intentional_deviation,,,,high,upstream class explicitly declares _WORKING = False
bfmtv,BFMTVArticleIE,BFMTVArticle,requires_new_backend,,,,low,no exact Go mapping or existing shared-backend handoff was detected; manual family review is required
bfmtv,BFMTVIE,BFMTV,requires_new_backend,,,,low,no exact Go mapping or existing shared-backend handoff was detected; manual family review is required
bfmtv,BFMTVLiveIE,BFMTVLive,requires_new_backend,,,,low,no exact Go mapping or existing shared-backend handoff was detected; manual family review is required
bibeltv,BibelTVLiveIE,BibelTVLive,requires_new_backend,,,,low,no exact Go mapping or existing shared-backend handoff was detected; manual family review is required
bibeltv,BibelTVSeriesIE,BibelTVSeries,requires_new_backend,,,,low,no exact Go mapping or existing shared-backend handoff was detected; manual family review is required
bibeltv,BibelTVVideoIE,BibelTVVideo,requires_new_backend,,,,low,no exact Go mapping or existing shared-backend handoff was detected; manual family review is required
bigo,BigoIE,Bigo,requires_new_backend,,,,low,no exact Go mapping or existing shared-backend handoff was detected; manual family review is required
bild,BildIE,Bild,requires_new_backend,,,,low,no exact Go mapping or existing shared-backend handoff was detected; manual family review is required
bilibili,BiliBiliBangumiIE,BiliBiliBangumi,partially_supported,,,login,medium,"the Go port implements this upstream site family, but no exact extractor-key mapping is proven"
bilibili,BiliBiliBangumiMediaIE,BiliBiliBangumiMedia,partially_supported,,,,medium,"the Go port implements this upstream site family, but no exact extractor-key mapping is proven"
bilibili,BiliBiliBangumiSeasonIE,BiliBiliBangumiSeason,partially_supported,,,,medium,"the Go port implements this upstream site family, but no exact extractor-key mapping is proven"
bilibili,BiliBiliDynamicIE,BiliBiliDynamic,partially_supported,,,,medium,"the Go port implements this upstream site family, but no exact extractor-key mapping is proven"
bilibili,BiliBiliIE,BiliBili,already_supported,bilibili,,login,high,normalized upstream key exactly matches a registered Go extractor
bilibili,BiliBiliPlayerIE,BiliBiliPlayer,partially_supported,,,,medium,"the Go port implements this upstream site family, but no exact extractor-key mapping is proven"
bilibili,BiliBiliSearchIE,BiliBiliSearch,partially_supported,,,,medium,"the Go port implements this upstream site family, but no exact extractor-key mapping is proven"
bilibili,BiliIntlIE,BiliIntl,partially_supported,,,,medium,"the Go port implements this upstream site family, but no exact extractor-key mapping is proven"
bilibili,BiliIntlSeriesIE,BiliIntlSeries,partially_supported,,,,medium,"the Go port implements this upstream site family, but no exact extractor-key mapping is proven"
bilibili,BiliLiveIE,BiliLive,partially_supported,,,,medium,"the Go port implements this upstream site family, but no exact extractor-key mapping is proven"
bilibili,BilibiliAudioAlbumIE,BilibiliAudioAlbum,partially_supported,,,,medium,"the Go port implements this upstream site family, but no exact extractor-key mapping is proven"
bilibili,BilibiliAudioIE,BilibiliAudio,partially_supported,,,,medium,"the Go port implements this upstream site family, but no exact extractor-key mapping is proven"
bilibili,BilibiliCategoryIE,BilibiliCategory,partially_supported,,,,medium,"the Go port implements this upstream site family, but no exact extractor-key mapping is proven"
bilibili,BilibiliCheeseIE,BilibiliCheese,partially_supported,,,,medium,"the Go port implements this upstream site family, but no exact extractor-key mapping is proven"
bilibili,BilibiliCheeseSeasonIE,BilibiliCheeseSeason,partially_supported,,,,medium,"the Go port implements this upstream site family, but no exact extractor-key mapping is proven"
bilibili,BilibiliCollectionListIE,BilibiliCollectionList,partially_supported,,,,medium,"the Go port implements this upstream site family, but no exact extractor-key mapping is proven"
bilibili,BilibiliFavoritesListIE,BilibiliFavoritesList,partially_supported,,,login,medium,"the Go port implements this upstream site family, but no exact extractor-key mapping is proven"
bilibili,BilibiliPlaylistIE,BilibiliPlaylist,partially_supported,,,login,medium,"the Go port implements this upstream site family, but no exact extractor-key mapping is proven"
bilibili,BilibiliSeriesListIE,BilibiliSeriesList,partially_supported,,,,medium,"the Go port implements this upstream site family, but no exact extractor-key mapping is proven"
bilibili,BilibiliSpaceAudioIE,BilibiliSpaceAudio,partially_supported,,,,medium,"the Go port implements this upstream site family, but no exact extractor-key mapping is proven"
bilibili,BilibiliSpaceVideoIE,BilibiliSpaceVideo,partially_supported,,,,medium,"the Go port implements this upstream site family, but no exact extractor-key mapping is proven"
bilibili,BilibiliWatchlaterIE,BilibiliWatchlater,partially_supported,,,login,medium,"the Go port implements this upstream site family, but no exact extractor-key mapping is proven"
biobiochiletv,BioBioChileTVIE,BioBioChileTV,requires_new_backend,,,,low,no exact Go mapping or existing shared-backend handoff was detected; manual family review is required
bitchute,BitChuteChannelIE,BitChuteChannel,requires_new_backend,,,,low,no exact Go mapping or existing shared-backend handoff was detected; manual family review is required
bitchute,BitChuteIE,BitChute,requires_new_backend,,,,low,no exact Go mapping or existing shared-backend handoff was detected; manual family review is required
bitmovin,BitmovinIE,Bitmovin,requires_new_backend,,,,low,no exact Go mapping or existing shared-backend handoff was detected; manual family review is required
blackboardcollaborate,BlackboardCollaborateIE,BlackboardCollaborate,requires_authentication_or_antibot,,,authentication,medium,"upstream class contains explicit authentication, password, OAuth, or impersonation behavior"
blackboardcollaborate,BlackboardCollaborateLaunchIE,BlackboardCollaborateLaunch,requires_new_backend,,,,low,no exact Go mapping or existing shared-backend handoff was detected; manual family review is required
bleacherreport,BleacherReportCMSIE,BleacherReportCMS,obsolete_or_intentional_deviation,,,,high,upstream class explicitly declares _WORKING = False
bleacherreport,BleacherReportIE,BleacherReport,obsolete_or_intentional_deviation,,,,high,upstream class explicitly declares _WORKING = False
blerp,BlerpIE,Blerp,requires_new_backend,,,,low,no exact Go mapping or existing shared-backend handoff was detected; manual family review is required
blogger,BloggerIE,Blogger,requires_new_backend,,,,low,no exact Go mapping or existing shared-backend handoff was detected; manual family review is required
bloomberg,BloombergIE,Bloomberg,requires_new_backend,,,,low,no exact Go mapping or existing shared-backend handoff was detected; manual family review is required
bluesky,BlueskyIE,Bluesky,already_supported,bluesky,,,high,normalized upstream key exactly matches a registered Go extractor
bongacams,BongaCamsIE,BongaCams,requires_new_backend,,,,low,no exact Go mapping or existing shared-backend handoff was detected; manual family review is required
boosty,BoostyIE,Boosty,requires_authentication_or_antibot,,youtube,authentication;login,medium,"upstream class contains explicit authentication, password, OAuth, or impersonation behavior"
bostonglobe,BostonGlobeIE,BostonGlobe,uses_existing_shared_backend,,brightcove,,medium,upstream class references a media backend already implemented in Go
box,BoxIE,Box,requires_authentication_or_antibot,,,authentication,medium,"upstream class contains explicit authentication, password, OAuth, or impersonation behavior"
boxcast,BoxCastVideoIE,BoxCastVideo,requires_new_backend,,,,low,no exact Go mapping or existing shared-backend handoff was detected; manual family review is required
bpb,BpbIE,Bpb,requires_new_backend,,,,low,no exact Go mapping or existing shared-backend handoff was detected; manual family review is required
br,BRIE,BR,obsolete_or_intentional_deviation,,,,high,upstream class explicitly declares _WORKING = False
brainpop,BrainPOPELLIE,BrainPOPELL,requires_new_backend,,,,low,no exact Go mapping or existing shared-backend handoff was detected; manual family review is required
brainpop,BrainPOPEspIE,BrainPOPEsp,requires_new_backend,,,,low,no exact Go mapping or existing shared-backend handoff was detected; manual family review is required
brainpop,BrainPOPFrIE,BrainPOPFr,requires_new_backend,,,,low,no exact Go mapping or existing shared-backend handoff was detected; manual family review is required
brainpop,BrainPOPIE,BrainPOP,requires_authentication_or_antibot,,,login,medium,"upstream class contains explicit authentication, password, OAuth, or impersonation behavior"
brainpop,BrainPOPIlIE,BrainPOPIl,requires_new_backend,,,,low,no exact Go mapping or existing shared-backend handoff was detected; manual family review is required
brainpop,BrainPOPJrIE,BrainPOPJr,requires_new_backend,,,,low,no exact Go mapping or existing shared-backend handoff was detected; manual family review is required
breitbart,BreitBartIE,BreitBart,requires_new_backend,,,,low,no exact Go mapping or existing shared-backend handoff was detected; manual family review is required
brightcove,BrightcoveLegacyIE,BrightcoveLegacy,partially_supported,,brightcove,,medium,"the Go port implements this upstream site family, but no exact extractor-key mapping is proven"
brightcove,BrightcoveNewIE,BrightcoveNew,partially_supported,,brightcove,authentication,medium,"the Go port implements this upstream site family, but no exact extractor-key mapping is proven"
brilliantpala,BrilliantpalaClassesIE,BrilliantpalaClasses,requires_new_backend,,,,low,no exact Go mapping or existing shared-backend handoff was detected; manual family review is required
brilliantpala,BrilliantpalaElearnIE,BrilliantpalaElearn,requires_new_backend,,,,low,no exact Go mapping or existing shared-backend handoff was detected; manual family review is required
btvplus,BTVPlusIE,BTVPlus,requires_new_backend,,,,low,no exact Go mapping or existing shared-backend handoff was detected; manual family review is required
bundesliga,BundesligaIE,Bundesliga,already_supported,bundesliga,jwplatform,,high,normalized upstream key exactly matches a registered Go extractor
bundestag,BundestagIE,Bundestag,requires_new_backend,,,,low,no exact Go mapping or existing shared-backend handoff was detected; manual family review is required
bunnycdn,BunnyCdnIE,BunnyCdn,requires_new_backend,,,,low,no exact Go mapping or existing shared-backend handoff was detected; manual family review is required
businessinsider,BusinessInsiderIE,BusinessInsider,already_supported,businessinsider,jwplatform,,high,normalized upstream key exactly matches a registered Go extractor
buzzfeed,BuzzFeedIE,BuzzFeed,already_supported,buzzfeed,,,high,normalized upstream key exactly matches a registered Go extractor
byutv,BYUtvIE,BYUtv,obsolete_or_intentional_deviation,,,,high,upstream class explicitly declares _WORKING = False
c56,C56IE,C56,requires_new_backend,,,,low,no exact Go mapping or existing shared-backend handoff was detected; manual family review is required
caltrans,CaltransIE,Caltrans,requires_new_backend,,,,low,no exact Go mapping or existing shared-backend handoff was detected; manual family review is required
cam4,CAM4IE,CAM4,requires_new_backend,,,,low,no exact Go mapping or existing shared-backend handoff was detected; manual family review is required
camfm,CamFMEpisodeIE,CamFMEpisode,requires_new_backend,,,,low,no exact Go mapping or existing shared-backend handoff was detected; manual family review is required
camfm,CamFMShowIE,CamFMShow,requires_new_backend,,,,low,no exact Go mapping or existing shared-backend handoff was detected; manual family review is required
cammodels,CamModelsIE,CamModels,requires_new_backend,,,,low,no exact Go mapping or existing shared-backend handoff was detected; manual family review is required
camsoda,CamsodaIE,Camsoda,requires_new_backend,,,,low,no exact Go mapping or existing shared-backend handoff was detected; manual family review is required
camtasia,CamtasiaEmbedIE,CamtasiaEmbed,requires_new_backend,,,,low,no exact Go mapping or existing shared-backend handoff was detected; manual family review is required
canal1,Canal1IE,Canal1,requires_new_backend,,,,low,no exact Go mapping or existing shared-backend handoff was detected; manual family review is required
canalalpha,CanalAlphaIE,CanalAlpha,requires_new_backend,,,,low,no exact Go mapping or existing shared-backend handoff was detected; manual family review is required
canalc2,Canalc2IE,Canalc2,requires_new_backend,,,,low,no exact Go mapping or existing shared-backend handoff was detected; manual family review is required
canalplus,CanalplusIE,Canalplus,requires_new_backend,,,,low,no exact Go mapping or existing shared-backend handoff was detected; manual family review is required
canalsurmas,CanalsurmasIE,Canalsurmas,requires_authentication_or_antibot,,,authentication,medium,"upstream class contains explicit authentication, password, OAuth, or impersonation behavior"
caracoltv,CaracolTvPlayIE,CaracolTvPlay,requires_authentication_or_antibot,,,authentication;login,medium,"upstream class contains explicit authentication, password, OAuth, or impersonation behavior"
cbc,CBCGemContentIE,CBCGemContent,requires_new_backend,,,,low,no exact Go mapping or existing shared-backend handoff was detected; manual family review is required
cbc,CBCGemIE,CBCGem,requires_authentication_or_antibot,,,authentication;login,medium,"upstream class contains explicit authentication, password, OAuth, or impersonation behavior"
cbc,CBCGemLiveIE,CBCGemLive,requires_new_backend,,,,low,no exact Go mapping or existing shared-backend handoff was detected; manual family review is required
cbc,CBCGemOlympicsIE,CBCGemOlympics,requires_new_backend,,,,low,no exact Go mapping or existing shared-backend handoff was detected; manual family review is required
cbc,CBCGemPlaylistIE,CBCGemPlaylist,requires_new_backend,,,,low,no exact Go mapping or existing shared-backend handoff was detected; manual family review is required
cbc,CBCIE,CBC,requires_new_backend,,,,low,no exact Go mapping or existing shared-backend handoff was detected; manual family review is required
cbc,CBCListenIE,CBCListen,requires_new_backend,,,,low,no exact Go mapping or existing shared-backend handoff was detected; manual family review is required
cbc,CBCPlayerIE,CBCPlayer,requires_new_backend,,,,low,no exact Go mapping or existing shared-backend handoff was detected; manual family review is required
cbc,CBCPlayerPlaylistIE,CBCPlayerPlaylist,requires_new_backend,,,,low,no exact Go mapping or existing shared-backend handoff was detected; manual family review is required
cbs,CBSIE,CBS,obsolete_or_intentional_deviation,,,,high,upstream class explicitly declares _WORKING = False
cbs,ParamountPressExpressIE,ParamountPressExpress,uses_existing_shared_backend,,brightcove,,medium,upstream class references a media backend already implemented in Go
cbsnews,CBSLocalArticleIE,CBSLocalArticle,requires_new_backend,,,,low,no exact Go mapping or existing shared-backend handoff was detected; manual family review is required
cbsnews,CBSLocalIE,CBSLocal,requires_new_backend,,,,low,no exact Go mapping or existing shared-backend handoff was detected; manual family review is required
cbsnews,CBSLocalLiveIE,CBSLocalLive,requires_new_backend,,,,low,no exact Go mapping or existing shared-backend handoff was detected; manual family review is required
cbsnews,CBSNewsEmbedIE,CBSNewsEmbed,requires_new_backend,,,,low,no exact Go mapping or existing shared-backend handoff was detected; manual family review is required
cbsnews,CBSNewsIE,CBSNews,requires_new_backend,,,,low,no exact Go mapping or existing shared-backend handoff was detected; manual family review is required
cbsnews,CBSNewsLiveIE,CBSNewsLive,requires_new_backend,,,,low,no exact Go mapping or existing shared-backend handoff was detected; manual family review is required
cbsnews,CBSNewsLiveVideoIE,CBSNewsLiveVideo,requires_new_backend,,,,low,no exact Go mapping or existing shared-backend handoff was detected; manual family review is required
cbssports,CBSSportsEmbedIE,CBSSportsEmbed,obsolete_or_intentional_deviation,,,,high,upstream class explicitly declares _WORKING = False
cbssports,CBSSportsIE,CBSSports,obsolete_or_intentional_deviation,,,,high,upstream class explicitly declares _WORKING = False
cbssports,TwentyFourSevenSportsIE,TwentyFourSevenSports,obsolete_or_intentional_deviation,,,,high,upstream class explicitly declares _WORKING = False
ccc,CCCIE,CCC,requires_new_backend,,,,low,no exact Go mapping or existing shared-backend handoff was detected; manual family review is required
ccc,CCCPlaylistIE,CCCPlaylist,requires_new_backend,,,,low,no exact Go mapping or existing shared-backend handoff was detected; manual family review is required
ccma,CCMAIE,CCMA,requires_new_backend,,,,low,no exact Go mapping or existing shared-backend handoff was detected; manual family review is required
cctv,CCTVIE,CCTV,requires_new_backend,,,,low,no exact Go mapping or existing shared-backend handoff was detected; manual family review is required
cda,CDAFolderIE,CDAFolder,requires_new_backend,,,,low,no exact Go mapping or existing shared-backend handoff was detected; manual family review is required
cda,CDAIE,CDA,requires_authentication_or_antibot,,,authentication;login,medium,"upstream class contains explicit authentication, password, OAuth, or impersonation behavior"
cellebrite,CellebriteIE,Cellebrite,requires_new_backend,,,,low,no exact Go mapping or existing shared-backend handoff was detected; manual family review is required
ceskatelevize,CeskaTelevizeIE,CeskaTelevize,requires_new_backend,,,,low,no exact Go mapping or existing shared-backend handoff was detected; manual family review is required
cgtn,CGTNIE,CGTN,requires_new_backend,,,,low,no exact Go mapping or existing shared-backend handoff was detected; manual family review is required
charlierose,CharlieRoseIE,CharlieRose,requires_new_backend,,,,low,no exact Go mapping or existing shared-backend handoff was detected; manual family review is required
chaturbate,ChaturbateIE,Chaturbate,requires_authentication_or_antibot,,,impersonation,medium,"upstream class contains explicit authentication, password, OAuth, or impersonation behavior"
chilloutzone,ChilloutzoneIE,Chilloutzone,requires_new_backend,,,,low,no exact Go mapping or existing shared-backend handoff was detected; manual family review is required
chzzk,CHZZKLiveIE,CHZZKLive,requires_new_backend,,,,low,no exact Go mapping or existing shared-backend handoff was detected; manual family review is required
chzzk,CHZZKVideoIE,CHZZKVideo,requires_new_backend,,,,low,no exact Go mapping or existing shared-backend handoff was detected; manual family review is required
cinemax,CinemaxIE,Cinemax,obsolete_or_intentional_deviation,,,,high,upstream class explicitly declares _WORKING = False
cinetecamilano,CinetecaMilanoIE,CinetecaMilano,requires_authentication_or_antibot,,,authentication;login,medium,"upstream class contains explicit authentication, password, OAuth, or impersonation behavior"
cineverse,CineverseDetailsIE,CineverseDetails,requires_new_backend,,,,low,no exact Go mapping or existing shared-backend handoff was detected; manual family review is required
cineverse,CineverseIE,Cineverse,requires_authentication_or_antibot,,,login,medium,"upstream class contains explicit authentication, password, OAuth, or impersonation behavior"
ciscolive,CiscoLiveSearchIE,CiscoLiveSearch,requires_new_backend,,,,low,no exact Go mapping or existing shared-backend handoff was detected; manual family review is required
ciscolive,CiscoLiveSessionIE,CiscoLiveSession,requires_new_backend,,,,low,no exact Go mapping or existing shared-backend handoff was detected; manual family review is required
ciscowebex,CiscoWebexIE,CiscoWebex,requires_authentication_or_antibot,,,login,medium,"upstream class contains explicit authentication, password, OAuth, or impersonation behavior"
cjsw,CJSWIE,CJSW,requires_new_backend,,,,low,no exact Go mapping or existing shared-backend handoff was detected; manual family review is required
clipchamp,ClipchampIE,Clipchamp,uses_existing_shared_backend,,cloudflarestream,,medium,upstream class references a media backend already implemented in Go
cliprs,ClipRsIE,ClipRs,obsolete_or_intentional_deviation,,,,high,upstream class explicitly declares _WORKING = False
closertotruth,CloserToTruthIE,CloserToTruth,obsolete_or_intentional_deviation,,kaltura,,high,upstream class explicitly declares _WORKING = False
cloudflarestream,CloudflareStreamIE,CloudflareStream,already_supported,cloudflarestream,cloudflarestream,,high,normalized upstream key exactly matches a registered Go extractor
cloudycdn,CloudyCDNIE,CloudyCDN,requires_new_backend,,,,low,no exact Go mapping or existing shared-backend handoff was detected; manual family review is required
clubic,ClubicIE,Clubic,obsolete_or_intentional_deviation,,,,high,upstream class explicitly declares _WORKING = False
clyp,ClypIE,Clyp,requires_new_backend,,,,low,no exact Go mapping or existing shared-backend handoff was detected; manual family review is required
cnbc,CNBCVideoIE,CNBCVideo,requires_new_backend,,,,low,no exact Go mapping or existing shared-backend handoff was detected; manual family review is required
cnn,CNNIE,CNN,requires_new_backend,,,,low,no exact Go mapping or existing shared-backend handoff was detected; manual family review is required
cnn,CNNIndonesiaIE,CNNIndonesia,requires_new_backend,,,,low,no exact Go mapping or existing shared-backend handoff was detected; manual family review is required
comedycentral,ComedyCentralIE,ComedyCentral,requires_new_backend,,,,low,no exact Go mapping or existing shared-backend handoff was detected; manual family review is required
commonmistakes,BlobIE,Blob,requires_new_backend,,,,low,no exact Go mapping or existing shared-backend handoff was detected; manual family review is required
commonmistakes,CommonMistakesIE,CommonMistakes,requires_new_backend,,,,low,no exact Go mapping or existing shared-backend handoff was detected; manual family review is required
commonmistakes,UnicodeBOMIE,UnicodeBOM,requires_new_backend,,,,low,no exact Go mapping or existing shared-backend handoff was detected; manual family review is required
commonprotocols,RtmpIE,Rtmp,requires_new_backend,,,,low,no exact Go mapping or existing shared-backend handoff was detected; manual family review is required
commonprotocols,ViewSourceIE,ViewSource,requires_new_backend,,,,low,no exact Go mapping or existing shared-backend handoff was detected; manual family review is required
condenast,CondeNastIE,CondeNast,requires_new_backend,,,,low,no exact Go mapping or existing shared-backend handoff was detected; manual family review is required
corus,CorusIE,Corus,uses_existing_shared_backend,,theplatform,,medium,upstream class references a media backend already implemented in Go
coub,CoubIE,Coub,requires_new_backend,,,,low,no exact Go mapping or existing shared-backend handoff was detected; manual family review is required
cozytv,CozyTVIE,CozyTV,requires_new_backend,,,,low,no exact Go mapping or existing shared-backend handoff was detected; manual family review is required
cpac,CPACIE,CPAC,requires_new_backend,,,,low,no exact Go mapping or existing shared-backend handoff was detected; manual family review is required
cpac,CPACPlaylistIE,CPACPlaylist,requires_new_backend,,,,low,no exact Go mapping or existing shared-backend handoff was detected; manual family review is required
cracked,CrackedIE,Cracked,uses_existing_shared_backend,,youtube,,medium,upstream class references a media backend already implemented in Go
craftsy,CraftsyIE,Craftsy,already_supported,craftsy,brightcove,login,high,normalized upstream key exactly matches a registered Go extractor
croatianfilm,CroatianFilmIE,CroatianFilm,uses_existing_shared_backend,,vimeo,,medium,upstream class references a media backend already implemented in Go
crooksandliars,CrooksAndLiarsIE,CrooksAndLiars,requires_new_backend,,,,low,no exact Go mapping or existing shared-backend handoff was detected; manual family review is required
crowdbunker,CrowdBunkerChannelIE,CrowdBunkerChannel,requires_new_backend,,,,low,no exact Go mapping or existing shared-backend handoff was detected; manual family review is required
crowdbunker,CrowdBunkerIE,CrowdBunker,requires_new_backend,,,,low,no exact Go mapping or existing shared-backend handoff was detected; manual family review is required
crtvg,CrtvgIE,Crtvg,requires_new_backend,,,,low,no exact Go mapping or existing shared-backend handoff was detected; manual family review is required
cspan,CSpanCongressIE,CSpanCongress,requires_new_backend,,,,low,no exact Go mapping or existing shared-backend handoff was detected; manual family review is required
cspan,CSpanIE,CSpan,uses_existing_shared_backend,,brightcove,,medium,upstream class references a media backend already implemented in Go
ctsnews,CtsNewsIE,CtsNews,uses_existing_shared_backend,,youtube,,medium,upstream class references a media backend already implemented in Go
ctvnews,CTVNewsIE,CTVNews,requires_new_backend,,,,low,no exact Go mapping or existing shared-backend handoff was detected; manual family review is required
cultureunplugged,CultureUnpluggedIE,CultureUnplugged,requires_new_backend,,,,low,no exact Go mapping or existing shared-backend handoff was detected; manual family review is required
curiositystream,CuriosityStreamCollectionsIE,CuriosityStreamCollections,requires_new_backend,,,,low,no exact Go mapping or existing shared-backend handoff was detected; manual family review is required
curiositystream,CuriosityStreamIE,CuriosityStream,requires_new_backend,,,,low,no exact Go mapping or existing shared-backend handoff was detected; manual family review is required
curiositystream,CuriosityStreamSeriesIE,CuriosityStreamSeries,requires_new_backend,,,,low,no exact Go mapping or existing shared-backend handoff was detected; manual family review is required
cybrary,CybraryCourseIE,CybraryCourse,requires_new_backend,,,,low,no exact Go mapping or existing shared-backend handoff was detected; manual family review is required
cybrary,CybraryIE,Cybrary,requires_new_backend,,,,low,no exact Go mapping or existing shared-backend handoff was detected; manual family review is required
dacast,DacastPlaylistIE,DacastPlaylist,already_supported,dacast_playlist,dacast,,high,normalized upstream key exactly matches a registered Go extractor
dacast,DacastVODIE,DacastVOD,partially_supported,,dacast,,medium,"the Go port implements this upstream site family, but no exact extractor-key mapping is proven"
dailymail,DailyMailIE,DailyMail,requires_new_backend,,,,low,no exact Go mapping or existing shared-backend handoff was detected; manual family review is required
dailymotion,DailymotionIE,Dailymotion,already_supported,dailymotion,,authentication,high,normalized upstream key exactly matches a registered Go extractor
dailymotion,DailymotionPlaylistIE,DailymotionPlaylist,partially_supported,,,,medium,"the Go port implements this upstream site family, but no exact extractor-key mapping is proven"
dailymotion,DailymotionSearchIE,DailymotionSearch,partially_supported,,,authentication,medium,"the Go port implements this upstream site family, but no exact extractor-key mapping is proven"
dailymotion,DailymotionUserIE,DailymotionUser,partially_supported,,,,medium,"the Go port implements this upstream site family, but no exact extractor-key mapping is proven"
dailywire,DailyWireIE,DailyWire,requires_new_backend,,,,low,no exact Go mapping or existing shared-backend handoff was detected; manual family review is required
dailywire,DailyWirePodcastIE,DailyWirePodcast,requires_new_backend,,,,low,no exact Go mapping or existing shared-backend handoff was detected; manual family review is required
damtomo,DamtomoRecordIE,DamtomoRecord,requires_new_backend,,,,low,no exact Go mapping or existing shared-backend handoff was detected; manual family review is required
damtomo,DamtomoVideoIE,DamtomoVideo,requires_new_backend,,,,low,no exact Go mapping or existing shared-backend handoff was detected; manual family review is required
dangalplay,DangalPlayIE,DangalPlay,requires_authentication_or_antibot,,,login,medium,"upstream class contains explicit authentication, password, OAuth, or impersonation behavior"
dangalplay,DangalPlaySeasonIE,DangalPlaySeason,requires_new_backend,,,,low,no exact Go mapping or existing shared-backend handoff was detected; manual family review is required
daum,DaumClipIE,DaumClip,requires_new_backend,,,,low,no exact Go mapping or existing shared-backend handoff was detected; manual family review is required
daum,DaumIE,Daum,requires_new_backend,,,,low,no exact Go mapping or existing shared-backend handoff was detected; manual family review is required
daum,DaumPlaylistIE,DaumPlaylist,requires_new_backend,,,,low,no exact Go mapping or existing shared-backend handoff was detected; manual family review is required
daum,DaumUserIE,DaumUser,requires_new_backend,,,,low,no exact Go mapping or existing shared-backend handoff was detected; manual family review is required
daystar,DaystarClipIE,DaystarClip,requires_new_backend,,,,low,no exact Go mapping or existing shared-backend handoff was detected; manual family review is required
dbtv,DBTVIE,DBTV,already_supported,dbtv,jwplatform,,high,normalized upstream key exactly matches a registered Go extractor
dctp,DctpTvIE,DctpTv,requires_new_backend,,,,low,no exact Go mapping or existing shared-backend handoff was detected; manual family review is required
democracynow,DemocracynowIE,Democracynow,already_supported,democracynow,,,high,normalized upstream key exactly matches a registered Go extractor
detik,DetikEmbedIE,DetikEmbed,requires_new_backend,,,,low,no exact Go mapping or existing shared-backend handoff was detected; manual family review is required
deuxm,DeuxMIE,DeuxM,requires_new_backend,,,,low,no exact Go mapping or existing shared-backend handoff was detected; manual family review is required
deuxm,DeuxMNewsIE,DeuxMNews,requires_new_backend,,,,low,no exact Go mapping or existing shared-backend handoff was detected; manual family review is required
dfb,DFBIE,DFB,requires_new_backend,,,,low,no exact Go mapping or existing shared-backend handoff was detected; manual family review is required
dhm,DHMIE,DHM,obsolete_or_intentional_deviation,,,,high,upstream class explicitly declares _WORKING = False
digitalconcerthall,DigitalConcertHallIE,DigitalConcertHall,requires_authentication_or_antibot,,,authentication;login,medium,"upstream class contains explicit authentication, password, OAuth, or impersonation behavior"
digiteka,DigitekaIE,Digiteka,requires_new_backend,,,,low,no exact Go mapping or existing shared-backend handoff was detected; manual family review is required
digiview,DigiviewIE,Digiview,uses_existing_shared_backend,,youtube,,medium,upstream class references a media backend already implemented in Go
discogs,DiscogsReleasePlaylistIE,DiscogsReleasePlaylist,uses_existing_shared_backend,,youtube,,medium,upstream class references a media backend already implemented in Go
disney,DisneyIE,Disney,requires_new_backend,,,,low,no exact Go mapping or existing shared-backend handoff was detected; manual family review is required
dispeak,DigitallySpeakingIE,DigitallySpeaking,obsolete_or_intentional_deviation,,,,high,upstream class explicitly declares _WORKING = False
dlf,DLFCorpusIE,DLFCorpus,requires_new_backend,,,,low,no exact Go mapping or existing shared-backend handoff was detected; manual family review is required
dlf,DLFIE,DLF,requires_new_backend,,,,low,no exact Go mapping or existing shared-backend handoff was detected; manual family review is required
dlive,DLiveStreamIE,DLiveStream,requires_new_backend,,,,low,no exact Go mapping or existing shared-backend handoff was detected; manual family review is required
dlive,DLiveVODIE,DLiveVOD,requires_new_backend,,,,low,no exact Go mapping or existing shared-backend handoff was detected; manual family review is required
douyutv,DouyuShowIE,DouyuShow,requires_new_backend,,,,low,no exact Go mapping or existing shared-backend handoff was detected; manual family review is required
douyutv,DouyuTVIE,DouyuTV,requires_new_backend,,,,low,no exact Go mapping or existing shared-backend handoff was detected; manual family review is required
dplay,AmHistoryChannelIE,AmHistoryChannel,already_supported,amhistorychannel,,,high,fixture-backed configuration-driven Discovery adapter with strict routing and product registry evidence
dplay,AnimalPlanetIE,AnimalPlanet,already_supported,animalplanet,,,high,fixture-backed configuration-driven Discovery adapter with strict routing and product registry evidence
dplay,CookingChannelIE,CookingChannel,already_supported,cookingchannel,,,high,fixture-backed configuration-driven Discovery adapter with strict routing and product registry evidence
dplay,DPlayIE,DPlay,already_supported,dplay,,,high,fixture-backed legacy playback adapter with strict routing and product registry evidence
dplay,DestinationAmericaIE,DestinationAmerica,already_supported,destinationamerica,,,high,fixture-backed configuration-driven Discovery adapter with strict routing and product registry evidence
dplay,DiscoveryLifeIE,DiscoveryLife,already_supported,discoverylife,,,high,fixture-backed configuration-driven Discovery adapter with strict routing and product registry evidence
dplay,DiscoveryNetworksDeIE,DiscoveryNetworksDe,already_supported,discoverynetworksde,,,high,fixture-backed Loma CMS and Hyoga playback adapter with fallback and product registry evidence
dplay,DiscoveryPlusIE,DiscoveryPlus,already_supported,discoveryplus,,,high,fixture-backed Discovery Plus playback adapter with strict routing and product registry evidence
dplay,DiscoveryPlusIndiaIE,DiscoveryPlusIndia,already_supported,discoveryplusindia,,,high,fixture-backed India playback adapter with strict routing and product registry evidence
dplay,DiscoveryPlusIndiaShowIE,DiscoveryPlusIndiaShow,already_supported,discoveryplusindiashow,,,high,fixture-backed bounded multi-season show pagination and product registry evidence
dplay,DiscoveryPlusItalyIE,DiscoveryPlusItaly,already_supported,discoveryplusitaly,,,high,fixture-backed Italy playback adapter with strict routing and product registry evidence
dplay,DiscoveryPlusItalyShowIE,DiscoveryPlusItalyShow,already_supported,discoveryplusitalyshow,,,high,fixture-backed bounded multi-season show pagination and product registry evidence
dplay,FoodNetworkIE,FoodNetwork,already_supported,foodnetwork,,,high,fixture-backed configuration-driven Discovery adapter with strict routing and product registry evidence
dplay,GoDiscoveryIE,GoDiscovery,already_supported,godiscovery,,,high,fixture-backed configuration-driven Discovery adapter with strict routing and product registry evidence
dplay,HGTVDeIE,HGTVDe,already_supported,hgtvde,,,high,fixture-backed Hyoga playback adapter restricted to the public sendungen route
dplay,HGTVUsaIE,HGTVUsa,already_supported,hgtvusa,,,high,fixture-backed configuration-driven Discovery adapter with strict routing and product registry evidence
dplay,InvestigationDiscoveryIE,InvestigationDiscovery,already_supported,investigationdiscovery,,,high,fixture-backed configuration-driven Discovery adapter with strict routing and product registry evidence
dplay,ScienceChannelIE,ScienceChannel,already_supported,sciencechannel,,,high,fixture-backed configuration-driven Discovery adapter with strict routing and product registry evidence
dplay,TLCIE,TLC,already_supported,tlc,,,high,fixture-backed configuration-driven Discovery adapter with strict routing and product registry evidence
dplay,TravelChannelIE,TravelChannel,already_supported,travelchannel,,,high,fixture-backed configuration-driven Discovery adapter with strict routing and product registry evidence
drbonanza,DRBonanzaIE,DRBonanza,requires_new_backend,,,,low,no exact Go mapping or existing shared-backend handoff was detected; manual family review is required
dreisat,DreiSatIE,DreiSat,requires_new_backend,,,,low,no exact Go mapping or existing shared-backend handoff was detected; manual family review is required
dropbox,DropboxIE,Dropbox,requires_new_backend,,,,low,no exact Go mapping or existing shared-backend handoff was detected; manual family review is required
dropout,DropoutIE,Dropout,requires_authentication_or_antibot,,,login,medium,"upstream class contains explicit authentication, password, OAuth, or impersonation behavior"
dropout,DropoutSeasonIE,DropoutSeason,requires_new_backend,,,,low,no exact Go mapping or existing shared-backend handoff was detected; manual family review is required
drtalks,DrTalksIE,DrTalks,uses_existing_shared_backend,,brightcove,,medium,upstream class references a media backend already implemented in Go
drtuber,DrTuberIE,DrTuber,requires_new_backend,,,,low,no exact Go mapping or existing shared-backend handoff was detected; manual family review is required
drtv,DRTVIE,DRTV,requires_authentication_or_antibot,,,authentication,medium,"upstream class contains explicit authentication, password, OAuth, or impersonation behavior"
drtv,DRTVLiveIE,DRTVLive,requires_new_backend,,,,low,no exact Go mapping or existing shared-backend handoff was detected; manual family review is required
drtv,DRTVSeasonIE,DRTVSeason,requires_new_backend,,,,low,no exact Go mapping or existing shared-backend handoff was detected; manual family review is required
drtv,DRTVSeriesIE,DRTVSeries,requires_new_backend,,,,low,no exact Go mapping or existing shared-backend handoff was detected; manual family review is required
dtube,DTubeIE,DTube,obsolete_or_intentional_deviation,,,,high,upstream class explicitly declares _WORKING = False
dumpert,DumpertIE,Dumpert,requires_new_backend,,,,low,no exact Go mapping or existing shared-backend handoff was detected; manual family review is required
duoplay,DuoplayIE,Duoplay,requires_new_backend,,,,low,no exact Go mapping or existing shared-backend handoff was detected; manual family review is required
dvtv,DVTVIE,DVTV,requires_new_backend,,,,low,no exact Go mapping or existing shared-backend handoff was detected; manual family review is required
dw,DWArticleIE,DWArticle,obsolete_or_intentional_deviation,,,,high,upstream class explicitly declares _WORKING = False
dw,DWIE,DW,obsolete_or_intentional_deviation,,,,high,upstream class explicitly declares _WORKING = False
ebaumsworld,EbaumsWorldIE,EbaumsWorld,requires_new_backend,,,,low,no exact Go mapping or existing shared-backend handoff was detected; manual family review is required
ebay,EbayIE,Ebay,requires_new_backend,,,,low,no exact Go mapping or existing shared-backend handoff was detected; manual family review is required
egghead,EggheadCourseIE,EggheadCourse,requires_new_backend,,,,low,no exact Go mapping or existing shared-backend handoff was detected; manual family review is required
egghead,EggheadLessonIE,EggheadLesson,requires_new_backend,,,,low,no exact Go mapping or existing shared-backend handoff was detected; manual family review is required
eggs,EggsArtistIE,EggsArtist,requires_new_backend,,,,low,no exact Go mapping or existing shared-backend handoff was detected; manual family review is required
eggs,EggsIE,Eggs,requires_new_backend,,,,low,no exact Go mapping or existing shared-backend handoff was detected; manual family review is required
elementorembed,ElementorEmbedIE,ElementorEmbed,uses_existing_shared_backend,,vimeo,,medium,upstream class references a media backend already implemented in Go
elonet,ElonetIE,Elonet,requires_new_backend,,,,low,no exact Go mapping or existing shared-backend handoff was detected; manual family review is required
elpais,ElPaisIE,ElPais,requires_new_backend,,,,low,no exact Go mapping or existing shared-backend handoff was detected; manual family review is required
eltrecetv,ElTreceTVIE,ElTreceTV,requires_new_backend,,,,low,no exact Go mapping or existing shared-backend handoff was detected; manual family review is required
embedly,EmbedlyIE,Embedly,uses_existing_shared_backend,,youtube,,medium,upstream class references a media backend already implemented in Go
epicon,EpiconIE,Epicon,requires_new_backend,,,,low,no exact Go mapping or existing shared-backend handoff was detected; manual family review is required
epicon,EpiconSeriesIE,EpiconSeries,requires_new_backend,,,,low,no exact Go mapping or existing shared-backend handoff was detected; manual family review is required
epidemicsound,EpidemicSoundIE,EpidemicSound,requires_new_backend,,,,low,no exact Go mapping or existing shared-backend handoff was detected; manual family review is required
eplus,EplusIbIE,EplusIb,requires_authentication_or_antibot,,,login,medium,"upstream class contains explicit authentication, password, OAuth, or impersonation behavior"
epoch,EpochIE,Epoch,requires_new_backend,,,,low,no exact Go mapping or existing shared-backend handoff was detected; manual family review is required
eporner,EpornerIE,Eporner,requires_new_backend,,,,low,no exact Go mapping or existing shared-backend handoff was detected; manual family review is required
erocast,ErocastIE,Erocast,requires_new_backend,,,,low,no exact Go mapping or existing shared-backend handoff was detected; manual family review is required
eroprofile,EroProfileAlbumIE,EroProfileAlbum,requires_new_backend,,,,low,no exact Go mapping or existing shared-backend handoff was detected; manual family review is required
eroprofile,EroProfileIE,EroProfile,requires_authentication_or_antibot,,,login,medium,"upstream class contains explicit authentication, password, OAuth, or impersonation behavior"
err,ERRArhiivIE,ERRArhiiv,requires_new_backend,,,,low,no exact Go mapping or existing shared-backend handoff was detected; manual family review is required
err,ERRJupiterIE,ERRJupiter,requires_new_backend,,,,low,no exact Go mapping or existing shared-backend handoff was detected; manual family review is required
ertgr,ERTFlixCodenameIE,ERTFlixCodename,requires_new_backend,,,,low,no exact Go mapping or existing shared-backend handoff was detected; manual family review is required
ertgr,ERTFlixIE,ERTFlix,requires_new_backend,,,,low,no exact Go mapping or existing shared-backend handoff was detected; manual family review is required
ertgr,ERTWebtvEmbedIE,ERTWebtvEmbed,requires_new_backend,,,,low,no exact Go mapping or existing shared-backend handoff was detected; manual family review is required
espn,ESPNArticleIE,ESPNArticle,requires_new_backend,,,,low,no exact Go mapping or existing shared-backend handoff was detected; manual family review is required
espn,ESPNCricInfoIE,ESPNCricInfo,requires_new_backend,,,,low,no exact Go mapping or existing shared-backend handoff was detected; manual family review is required
espn,ESPNIE,ESPN,requires_new_backend,,,,low,no exact Go mapping or existing shared-backend handoff was detected; manual family review is required
espn,FiveThirtyEightIE,FiveThirtyEight,requires_new_backend,,,,low,no exact Go mapping or existing shared-backend handoff was detected; manual family review is required
espn,WatchESPNIE,WatchESPN,requires_authentication_or_antibot,,,authentication;login,medium,"upstream class contains explicit authentication, password, OAuth, or impersonation behavior"
ettutv,EttuTvIE,EttuTv,requires_new_backend,,,,low,no exact Go mapping or existing shared-backend handoff was detected; manual family review is required
europa,EuroParlWebstreamIE,EuroParlWebstream,requires_new_backend,,,,low,no exact Go mapping or existing shared-backend handoff was detected; manual family review is required
europa,EuropaIE,Europa,obsolete_or_intentional_deviation,,,,high,upstream class explicitly declares _WORKING = False
europeantour,EuropeanTourIE,EuropeanTour,already_supported,europeantour,brightcove,,high,normalized upstream key exactly matches a registered Go extractor
eurosport,EurosportIE,Eurosport,requires_authentication_or_antibot,,,authentication,medium,"upstream class contains explicit authentication, password, OAuth, or impersonation behavior"
euscreen,EUScreenIE,EUScreen,requires_new_backend,,,,low,no exact Go mapping or existing shared-backend handoff was detected; manual family review is required
expressen,ExpressenIE,Expressen,requires_new_backend,,,,low,no exact Go mapping or existing shared-backend handoff was detected; manual family review is required
facebook,FacebookAdsIE,FacebookAds,requires_new_backend,,,,low,no exact Go mapping or existing shared-backend handoff was detected; manual family review is required
facebook,FacebookIE,Facebook,requires_authentication_or_antibot,,,login,medium,"upstream class contains explicit authentication, password, OAuth, or impersonation behavior"
facebook,FacebookPluginsVideoIE,FacebookPluginsVideo,requires_new_backend,,,,low,no exact Go mapping or existing shared-backend handoff was detected; manual family review is required
facebook,FacebookRedirectURLIE,FacebookRedirectURL,requires_new_backend,,,,low,no exact Go mapping or existing shared-backend handoff was detected; manual family review is required
facebook,FacebookReelIE,FacebookReel,requires_new_backend,,,,low,no exact Go mapping or existing shared-backend handoff was detected; manual family review is required
fancode,FancodeLiveIE,FancodeLive,obsolete_or_intentional_deviation,,,login,high,upstream class explicitly declares _WORKING = False
fancode,FancodeVodIE,FancodeVod,obsolete_or_intentional_deviation,,brightcove,authentication;login,high,upstream class explicitly declares _WORKING = False
fathom,FathomIE,Fathom,requires_new_backend,,,,low,no exact Go mapping or existing shared-backend handoff was detected; manual family review is required
faulio,FaulioIE,Faulio,requires_new_backend,,,,low,no exact Go mapping or existing shared-backend handoff was detected; manual family review is required
faulio,FaulioLiveIE,FaulioLive,requires_new_backend,,,,low,no exact Go mapping or existing shared-backend handoff was detected; manual family review is required
faz,FazIE,Faz,requires_new_backend,,,,low,no exact Go mapping or existing shared-backend handoff was detected; manual family review is required
fc2,FC2EmbedIE,FC2Embed,requires_new_backend,,,,low,no exact Go mapping or existing shared-backend handoff was detected; manual family review is required
fc2,FC2IE,FC2,requires_authentication_or_antibot,,,login,medium,"upstream class contains explicit authentication, password, OAuth, or impersonation behavior"
fc2,FC2LiveIE,FC2Live,requires_new_backend,,,,low,no exact Go mapping or existing shared-backend handoff was detected; manual family review is required
fczenit,FczenitIE,Fczenit,requires_new_backend,,,,low,no exact Go mapping or existing shared-backend handoff was detected; manual family review is required
fifa,FifaIE,Fifa,requires_new_backend,,,,low,no exact Go mapping or existing shared-backend handoff was detected; manual family review is required
filmarchiv,FilmArchivIE,FilmArchiv,requires_new_backend,,,,low,no exact Go mapping or existing shared-backend handoff was detected; manual family review is required
filmon,FilmOnChannelIE,FilmOnChannel,requires_new_backend,,,,low,no exact Go mapping or existing shared-backend handoff was detected; manual family review is required
filmon,FilmOnIE,FilmOn,requires_new_backend,,,,low,no exact Go mapping or existing shared-backend handoff was detected; manual family review is required
filmweb,FilmwebIE,Filmweb,requires_new_backend,,,,low,no exact Go mapping or existing shared-backend handoff was detected; manual family review is required
firsttv,FirstTVIE,FirstTV,requires_new_backend,,,,low,no exact Go mapping or existing shared-backend handoff was detected; manual family review is required
firsttv,FirstTVLiveIE,FirstTVLive,requires_new_backend,,,,low,no exact Go mapping or existing shared-backend handoff was detected; manual family review is required
fivetv,FiveTVIE,FiveTV,requires_new_backend,,,,low,no exact Go mapping or existing shared-backend handoff was detected; manual family review is required
flextv,FlexTVIE,FlexTV,requires_new_backend,,,,low,no exact Go mapping or existing shared-backend handoff was detected; manual family review is required
flickr,FlickrIE,Flickr,already_supported,flickr,,,high,normalized upstream key exactly matches a registered Go extractor
floatplane,FloatplaneChannelIE,FloatplaneChannel,requires_new_backend,,,,low,no exact Go mapping or existing shared-backend handoff was detected; manual family review is required
floatplane,FloatplaneIE,Floatplane,requires_authentication_or_antibot,,,login,medium,"upstream class contains explicit authentication, password, OAuth, or impersonation behavior"
folketinget,FolketingetIE,Folketinget,obsolete_or_intentional_deviation,,,,high,upstream class explicitly declares _WORKING = False
footyroom,FootyRoomIE,FootyRoom,requires_new_backend,,,,low,no exact Go mapping or existing shared-backend handoff was detected; manual family review is required
formula1,Formula1IE,Formula1,already_supported,formula1,brightcove,,high,normalized upstream key exactly matches a registered Go extractor
fourtube,FourTubeIE,FourTube,requires_new_backend,,,,low,no exact Go mapping or existing shared-backend handoff was detected; manual family review is required
fourtube,FuxIE,Fux,requires_new_backend,,,,low,no exact Go mapping or existing shared-backend handoff was detected; manual family review is required
fourtube,PornTubeIE,PornTube,requires_new_backend,,,,low,no exact Go mapping or existing shared-backend handoff was detected; manual family review is required
fourtube,PornerBrosIE,PornerBros,requires_new_backend,,,,low,no exact Go mapping or existing shared-backend handoff was detected; manual family review is required
fox,FOXIE,FOX,requires_authentication_or_antibot,,,authentication,medium,"upstream class contains explicit authentication, password, OAuth, or impersonation behavior"
fox9,FOX9IE,FOX9,already_supported,fox9,anvato,,high,normalized upstream key exactly matches a registered Go extractor
fox9,FOX9NewsIE,FOX9News,already_supported,fox9_news,,,high,normalized upstream key exactly matches a registered Go extractor
foxnews,FoxNewsArticleIE,FoxNewsArticle,requires_new_backend,,,,low,no exact Go mapping or existing shared-backend handoff was detected; manual family review is required
foxnews,FoxNewsIE,FoxNews,requires_new_backend,,,,low,no exact Go mapping or existing shared-backend handoff was detected; manual family review is required
foxnews,FoxNewsVideoIE,FoxNewsVideo,requires_new_backend,,,,low,no exact Go mapping or existing shared-backend handoff was detected; manual family review is required
foxsports,FoxSportsIE,FoxSports,requires_new_backend,,,,low,no exact Go mapping or existing shared-backend handoff was detected; manual family review is required
fptplay,FptplayIE,Fptplay,requires_new_backend,,,,low,no exact Go mapping or existing shared-backend handoff was detected; manual family review is required
francaisfacile,FrancaisFacileIE,FrancaisFacile,requires_new_backend,,,,low,no exact Go mapping or existing shared-backend handoff was detected; manual family review is required
francetv,FranceTVIE,FranceTV,requires_new_backend,,,,low,no exact Go mapping or existing shared-backend handoff was detected; manual family review is required
francetv,FranceTVInfoIE,FranceTVInfo,requires_new_backend,,,,low,no exact Go mapping or existing shared-backend handoff was detected; manual family review is required
francetv,FranceTVSiteIE,FranceTVSite,requires_new_backend,,,,low,no exact Go mapping or existing shared-backend handoff was detected; manual family review is required
freesound,FreesoundIE,Freesound,requires_new_backend,,,,low,no exact Go mapping or existing shared-backend handoff was detected; manual family review is required
freespeech,FreespeechIE,Freespeech,uses_existing_shared_backend,,youtube,,medium,upstream class references a media backend already implemented in Go
freetv,FreeTvIE,FreeTv,requires_new_backend,,,,low,no exact Go mapping or existing shared-backend handoff was detected; manual family review is required
freetv,FreeTvMoviesIE,FreeTvMovies,requires_new_backend,,,,low,no exact Go mapping or existing shared-backend handoff was detected; manual family review is required
frontendmasters,FrontendMastersCourseIE,FrontendMastersCourse,requires_new_backend,,,,low,no exact Go mapping or existing shared-backend handoff was detected; manual family review is required
frontendmasters,FrontendMastersIE,FrontendMasters,requires_new_backend,,,,low,no exact Go mapping or existing shared-backend handoff was detected; manual family review is required
frontendmasters,FrontendMastersLessonIE,FrontendMastersLesson,requires_new_backend,,,,low,no exact Go mapping or existing shared-backend handoff was detected; manual family review is required
funk,FunkIE,Funk,requires_new_backend,,,,low,no exact Go mapping or existing shared-backend handoff was detected; manual family review is required
funker530,Funker530IE,Funker530,uses_existing_shared_backend,,youtube,,medium,upstream class references a media backend already implemented in Go
fuyintv,FuyinTVIE,FuyinTV,requires_new_backend,,,,low,no exact Go mapping or existing shared-backend handoff was detected; manual family review is required
gab,GabIE,Gab,requires_new_backend,,,,low,no exact Go mapping or existing shared-backend handoff was detected; manual family review is required
gaia,GaiaIE,Gaia,requires_authentication_or_antibot,,,authentication;login,medium,"upstream class contains explicit authentication, password, OAuth, or impersonation behavior"
gamedevtv,GameDevTVDashboardIE,GameDevTVDashboard,requires_authentication_or_antibot,,,authentication;login,medium,"upstream class contains explicit authentication, password, OAuth, or impersonation behavior"
gamejolt,GameJoltCommunityIE,GameJoltCommunity,requires_new_backend,,,,low,no exact Go mapping or existing shared-backend handoff was detected; manual family review is required
gamejolt,GameJoltGameIE,GameJoltGame,requires_new_backend,,,,low,no exact Go mapping or existing shared-backend handoff was detected; manual family review is required
gamejolt,GameJoltGameSoundtrackIE,GameJoltGameSoundtrack,requires_new_backend,,,,low,no exact Go mapping or existing shared-backend handoff was detected; manual family review is required
gamejolt,GameJoltIE,GameJolt,requires_new_backend,,,,low,no exact Go mapping or existing shared-backend handoff was detected; manual family review is required
gamejolt,GameJoltSearchIE,GameJoltSearch,requires_new_backend,,,,low,no exact Go mapping or existing shared-backend handoff was detected; manual family review is required
gamejolt,GameJoltUserIE,GameJoltUser,requires_new_backend,,,,low,no exact Go mapping or existing shared-backend handoff was detected; manual family review is required
gamespot,GameSpotIE,GameSpot,requires_new_backend,,,,low,no exact Go mapping or existing shared-backend handoff was detected; manual family review is required
gamestar,GameStarIE,GameStar,requires_new_backend,,,,low,no exact Go mapping or existing shared-backend handoff was detected; manual family review is required
gaskrank,GaskrankIE,Gaskrank,requires_new_backend,,,,low,no exact Go mapping or existing shared-backend handoff was detected; manual family review is required
gazeta,GazetaIE,Gazeta,obsolete_or_intentional_deviation,,,,high,upstream class explicitly declares _WORKING = False
gbnews,GBNewsIE,GBNews,requires_new_backend,,,,low,no exact Go mapping or existing shared-backend handoff was detected; manual family review is required
gdcvault,GDCVaultIE,GDCVault,obsolete_or_intentional_deviation,,kaltura,login,high,upstream class explicitly declares _WORKING = False
gedidigital,GediDigitalIE,GediDigital,requires_new_backend,,,,low,no exact Go mapping or existing shared-backend handoff was detected; manual family review is required
generic,GenericIE,Generic,already_supported,generic,youtube,impersonation;login,high,normalized upstream key exactly matches a registered Go extractor
genericembeds,HTML5MediaEmbedIE,HTML5MediaEmbed,requires_new_backend,,,,low,no exact Go mapping or existing shared-backend handoff was detected; manual family review is required
genericembeds,QuotedHTMLIE,QuotedHTML,requires_new_backend,,,,low,no exact Go mapping or existing shared-backend handoff was detected; manual family review is required
genius,GeniusIE,Genius,uses_existing_shared_backend,,brightcove,,medium,upstream class references a media backend already implemented in Go
genius,GeniusLyricsIE,GeniusLyrics,requires_new_backend,,,,low,no exact Go mapping or existing shared-backend handoff was detected; manual family review is required
germanupa,GermanupaIE,Germanupa,requires_authentication_or_antibot,,vimeo,login,medium,"upstream class contains explicit authentication, password, OAuth, or impersonation behavior"
getcourseru,GetCourseRuIE,GetCourseRu,requires_authentication_or_antibot,,,login,medium,"upstream class contains explicit authentication, password, OAuth, or impersonation behavior"
getcourseru,GetCourseRuPlayerIE,GetCourseRuPlayer,requires_new_backend,,,,low,no exact Go mapping or existing shared-backend handoff was detected; manual family review is required
gettr,GettrIE,Gettr,requires_new_backend,,,,low,no exact Go mapping or existing shared-backend handoff was detected; manual family review is required
gettr,GettrStreamingIE,GettrStreaming,requires_new_backend,,,,low,no exact Go mapping or existing shared-backend handoff was detected; manual family review is required
giantbomb,GiantBombIE,GiantBomb,requires_new_backend,,,,low,no exact Go mapping or existing shared-backend handoff was detected; manual family review is required
glide,GlideIE,Glide,requires_new_backend,,,,low,no exact Go mapping or existing shared-backend handoff was detected; manual family review is required
globalplayer,GlobalPlayerAudioEpisodeIE,GlobalPlayerAudioEpisode,requires_new_backend,,,,low,no exact Go mapping or existing shared-backend handoff was detected; manual family review is required
globalplayer,GlobalPlayerAudioIE,GlobalPlayerAudio,requires_new_backend,,,,low,no exact Go mapping or existing shared-backend handoff was detected; manual family review is required
globalplayer,GlobalPlayerLiveIE,GlobalPlayerLive,requires_new_backend,,,,low,no exact Go mapping or existing shared-backend handoff was detected; manual family review is required
globalplayer,GlobalPlayerLivePlaylistIE,GlobalPlayerLivePlaylist,requires_new_backend,,,,low,no exact Go mapping or existing shared-backend handoff was detected; manual family review is required
globalplayer,GlobalPlayerVideoIE,GlobalPlayerVideo,requires_new_backend,,,,low,no exact Go mapping or existing shared-backend handoff was detected; manual family review is required
globo,GloboArticleIE,GloboArticle,requires_new_backend,,,,low,no exact Go mapping or existing shared-backend handoff was detected; manual family review is required
globo,GloboIE,Globo,requires_authentication_or_antibot,,,authentication;login,medium,"upstream class contains explicit authentication, password, OAuth, or impersonation behavior"
glomex,GlomexEmbedIE,GlomexEmbed,requires_new_backend,,,,low,no exact Go mapping or existing shared-backend handoff was detected; manual family review is required
glomex,GlomexIE,Glomex,requires_new_backend,,,,low,no exact Go mapping or existing shared-backend handoff was detected; manual family review is required
gmanetwork,GMANetworkVideoIE,GMANetworkVideo,uses_existing_shared_backend,,youtube,,medium,upstream class references a media backend already implemented in Go
go,GoIE,Go,requires_new_backend,,,,low,no exact Go mapping or existing shared-backend handoff was detected; manual family review is required
godresource,GodResourceIE,GodResource,requires_new_backend,,,,low,no exact Go mapping or existing shared-backend handoff was detected; manual family review is required
godtube,GodTubeIE,GodTube,obsolete_or_intentional_deviation,,,,high,upstream class explicitly declares _WORKING = False
golem,GolemIE,Golem,requires_new_backend,,,,low,no exact Go mapping or existing shared-backend handoff was detected; manual family review is required
goodgame,GoodGameIE,GoodGame,requires_new_backend,,,,low,no exact Go mapping or existing shared-backend handoff was detected; manual family review is required
googledrive,GoogleDriveFolderIE,GoogleDriveFolder,requires_new_backend,,,,low,no exact Go mapping or existing shared-backend handoff was detected; manual family review is required
googledrive,GoogleDriveIE,GoogleDrive,uses_existing_shared_backend,,youtube,,medium,upstream class references a media backend already implemented in Go
googlesearch,GoogleSearchIE,GoogleSearch,requires_new_backend,,,,low,no exact Go mapping or existing shared-backend handoff was detected; manual family review is required
goplay,GoPlayIE,GoPlay,requires_authentication_or_antibot,,,authentication;login;password,medium,"upstream class contains explicit authentication, password, OAuth, or impersonation behavior"
gopro,GoProIE,GoPro,requires_new_backend,,,,low,no exact Go mapping or existing shared-backend handoff was detected; manual family review is required
gotostage,GoToStageIE,GoToStage,requires_new_backend,,,,low,no exact Go mapping or existing shared-backend handoff was detected; manual family review is required
graspop,GraspopIE,Graspop,requires_new_backend,,,,low,no exact Go mapping or existing shared-backend handoff was detected; manual family review is required
gronkh,GronkhFeedIE,GronkhFeed,requires_new_backend,,,,low,no exact Go mapping or existing shared-backend handoff was detected; manual family review is required
gronkh,GronkhIE,Gronkh,requires_new_backend,,,,low,no exact Go mapping or existing shared-backend handoff was detected; manual family review is required
gronkh,GronkhVodsIE,GronkhVods,requires_new_backend,,,,low,no exact Go mapping or existing shared-backend handoff was detected; manual family review is required
groupon,GrouponIE,Groupon,requires_new_backend,,,,low,no exact Go mapping or existing shared-backend handoff was detected; manual family review is required
harpodeon,HarpodeonIE,Harpodeon,requires_new_backend,,,,low,no exact Go mapping or existing shared-backend handoff was detected; manual family review is required
hbo,HBOIE,HBO,requires_new_backend,,,,low,no exact Go mapping or existing shared-backend handoff was detected; manual family review is required
hearthisat,HearThisAtIE,HearThisAt,requires_new_backend,,,,low,no exact Go mapping or existing shared-backend handoff was detected; manual family review is required
heise,HeiseIE,Heise,already_supported,heise,kaltura,,high,normalized upstream key exactly matches a registered Go extractor
hellporno,HellPornoIE,HellPorno,requires_new_backend,,,,low,no exact Go mapping or existing shared-backend handoff was detected; manual family review is required
hgtv,HGTVComShowIE,HGTVComShow,requires_new_backend,,,,low,no exact Go mapping or existing shared-backend handoff was detected; manual family review is required
hidive,HiDiveIE,HiDive,requires_authentication_or_antibot,,,login,medium,"upstream class contains explicit authentication, password, OAuth, or impersonation behavior"
historicfilms,HistoricFilmsIE,HistoricFilms,requires_new_backend,,,,low,no exact Go mapping or existing shared-backend handoff was detected; manual family review is required
hitrecord,HitRecordIE,HitRecord,requires_new_backend,,,,low,no exact Go mapping or existing shared-backend handoff was detected; manual family review is required
hollywoodreporter,HollywoodReporterIE,HollywoodReporter,already_supported,hollywoodreporter,jwplatform,,high,normalized upstream key exactly matches a registered Go extractor
hollywoodreporter,HollywoodReporterPlaylistIE,HollywoodReporterPlaylist,requires_new_backend,,,,low,no exact Go mapping or existing shared-backend handoff was detected; manual family review is required
holodex,HolodexIE,Holodex,uses_existing_shared_backend,,youtube,,medium,upstream class references a media backend already implemented in Go
hotnewhiphop,HotNewHipHopIE,HotNewHipHop,obsolete_or_intentional_deviation,,,,high,upstream class explicitly declares _WORKING = False
hotstar,HotStarIE,HotStar,requires_authentication_or_antibot,,,login,medium,"upstream class contains explicit authentication, password, OAuth, or impersonation behavior"
hotstar,HotStarPrefixIE,HotStarPrefix,requires_new_backend,,,,low,no exact Go mapping or existing shared-backend handoff was detected; manual family review is required
hotstar,HotStarSeriesIE,HotStarSeries,requires_new_backend,,,,low,no exact Go mapping or existing shared-backend handoff was detected; manual family review is required
hrefli,HrefLiRedirectIE,HrefLiRedirect,requires_new_backend,,,,low,no exact Go mapping or existing shared-backend handoff was detected; manual family review is required
hrfensehen,HRFernsehenIE,HRFernsehen,requires_new_backend,,,,low,no exact Go mapping or existing shared-backend handoff was detected; manual family review is required
hrti,HRTiIE,HRTi,requires_new_backend,,,,low,no exact Go mapping or existing shared-backend handoff was detected; manual family review is required
hrti,HRTiPlaylistIE,HRTiPlaylist,requires_new_backend,,,,low,no exact Go mapping or existing shared-backend handoff was detected; manual family review is required
hse,HSEProductIE,HSEProduct,requires_new_backend,,,,low,no exact Go mapping or existing shared-backend handoff was detected; manual family review is required
hse,HSEShowIE,HSEShow,requires_new_backend,,,,low,no exact Go mapping or existing shared-backend handoff was detected; manual family review is required
huajiao,HuajiaoIE,Huajiao,requires_new_backend,,,,low,no exact Go mapping or existing shared-backend handoff was detected; manual family review is required
huffpost,HuffPostIE,HuffPost,requires_new_backend,,,,low,no exact Go mapping or existing shared-backend handoff was detected; manual family review is required
hungama,HungamaAlbumPlaylistIE,HungamaAlbumPlaylist,requires_new_backend,,,,low,no exact Go mapping or existing shared-backend handoff was detected; manual family review is required
hungama,HungamaIE,Hungama,requires_new_backend,,,,low,no exact Go mapping or existing shared-backend handoff was detected; manual family review is required
hungama,HungamaSongIE,HungamaSong,requires_new_backend,,,,low,no exact Go mapping or existing shared-backend handoff was detected; manual family review is required
huya,HuyaLiveIE,HuyaLive,requires_new_backend,,,,low,no exact Go mapping or existing shared-backend handoff was detected; manual family review is required
huya,HuyaVideoIE,HuyaVideo,requires_new_backend,,,,low,no exact Go mapping or existing shared-backend handoff was detected; manual family review is required
hypem,HypemIE,Hypem,requires_new_backend,,,,low,no exact Go mapping or existing shared-backend handoff was detected; manual family review is required
hypergryph,MonsterSirenHypergryphMusicIE,MonsterSirenHypergryphMusic,requires_new_backend,,,,low,no exact Go mapping or existing shared-backend handoff was detected; manual family review is required
hytale,HytaleIE,Hytale,already_supported,hytale,cloudflarestream,,high,normalized upstream key exactly matches a registered Go extractor
icareus,IcareusIE,Icareus,requires_new_backend,,,,low,no exact Go mapping or existing shared-backend handoff was detected; manual family review is required
ichinanalive,IchinanaLiveClipIE,IchinanaLiveClip,requires_new_backend,,,,low,no exact Go mapping or existing shared-backend handoff was detected; manual family review is required
ichinanalive,IchinanaLiveIE,IchinanaLive,requires_new_backend,,,,low,no exact Go mapping or existing shared-backend handoff was detected; manual family review is required
ichinanalive,IchinanaLiveVODIE,IchinanaLiveVOD,requires_new_backend,,,,low,no exact Go mapping or existing shared-backend handoff was detected; manual family review is required
idagio,IdagioAlbumIE,IdagioAlbum,requires_new_backend,,,,low,no exact Go mapping or existing shared-backend handoff was detected; manual family review is required
idagio,IdagioPersonalPlaylistIE,IdagioPersonalPlaylist,requires_new_backend,,,,low,no exact Go mapping or existing shared-backend handoff was detected; manual family review is required
idagio,IdagioPlaylistIE,IdagioPlaylist,requires_new_backend,,,,low,no exact Go mapping or existing shared-backend handoff was detected; manual family review is required
idagio,IdagioRecordingIE,IdagioRecording,requires_new_backend,,,,low,no exact Go mapping or existing shared-backend handoff was detected; manual family review is required
idagio,IdagioTrackIE,IdagioTrack,requires_new_backend,,,,low,no exact Go mapping or existing shared-backend handoff was detected; manual family review is required
ign,IGNArticleIE,IGNArticle,requires_new_backend,,,,low,no exact Go mapping or existing shared-backend handoff was detected; manual family review is required
ign,IGNIE,IGN,requires_new_backend,,,,low,no exact Go mapping or existing shared-backend handoff was detected; manual family review is required
ign,IGNVideoIE,IGNVideo,requires_new_backend,,,,low,no exact Go mapping or existing shared-backend handoff was detected; manual family review is required
iheart,IHeartRadioIE,IHeartRadio,requires_new_backend,,,,low,no exact Go mapping or existing shared-backend handoff was detected; manual family review is required
iheart,IHeartRadioPodcastIE,IHeartRadioPodcast,requires_new_backend,,,,low,no exact Go mapping or existing shared-backend handoff was detected; manual family review is required
ilpost,IlPostIE,IlPost,requires_new_backend,,,,low,no exact Go mapping or existing shared-backend handoff was detected; manual family review is required
iltalehti,IltalehtiIE,Iltalehti,already_supported,iltalehti,jwplatform,,high,normalized upstream key exactly matches a registered Go extractor
imdb,ImdbIE,Imdb,requires_new_backend,,,,low,no exact Go mapping or existing shared-backend handoff was detected; manual family review is required
imdb,ImdbListIE,ImdbList,requires_new_backend,,,,low,no exact Go mapping or existing shared-backend handoff was detected; manual family review is required
imgur,ImgurAlbumIE,ImgurAlbum,partially_supported,,,,medium,"the Go port implements this upstream site family, but no exact extractor-key mapping is proven"
imgur,ImgurGalleryIE,ImgurGallery,partially_supported,,,,medium,"the Go port implements this upstream site family, but no exact extractor-key mapping is proven"
imgur,ImgurIE,Imgur,already_supported,imgur,,,high,normalized upstream key exactly matches a registered Go extractor
ina,InaIE,Ina,requires_new_backend,,,,low,no exact Go mapping or existing shared-backend handoff was detected; manual family review is required
inc,IncIE,Inc,already_supported,inc,kaltura,,high,normalized upstream key exactly matches a registered Go extractor
indavideo,IndavideoEmbedIE,IndavideoEmbed,requires_new_backend,,,,low,no exact Go mapping or existing shared-backend handoff was detected; manual family review is required
infoq,InfoQIE,InfoQ,requires_new_backend,,,,low,no exact Go mapping or existing shared-backend handoff was detected; manual family review is required
instagram,InstagramIE,Instagram,already_supported,instagram,,impersonation;login,high,normalized upstream key exactly matches a registered Go extractor
instagram,InstagramIOSIE,InstagramIOS,partially_supported,,,,medium,"the Go port implements this upstream site family, but no exact extractor-key mapping is proven"
instagram,InstagramStoryIE,InstagramStory,partially_supported,,,impersonation;login,medium,"the Go port implements this upstream site family, but no exact extractor-key mapping is proven"
instagram,InstagramTagIE,InstagramTag,partially_supported,,,,medium,"the Go port implements this upstream site family, but no exact extractor-key mapping is proven"
instagram,InstagramUserIE,InstagramUser,obsolete_or_intentional_deviation,,,,high,upstream class explicitly declares _WORKING = False
internazionale,InternazionaleIE,Internazionale,requires_new_backend,,,,low,no exact Go mapping or existing shared-backend handoff was detected; manual family review is required
iprima,IPrimaCNNIE,IPrimaCNN,requires_new_backend,,,,low,no exact Go mapping or existing shared-backend handoff was detected; manual family review is required
iprima,IPrimaIE,IPrima,requires_authentication_or_antibot,,,login,medium,"upstream class contains explicit authentication, password, OAuth, or impersonation behavior"
iqiyi,IqAlbumIE,IqAlbum,requires_new_backend,,,,low,no exact Go mapping or existing shared-backend handoff was detected; manual family review is required
iqiyi,IqIE,Iq,requires_new_backend,,,,low,no exact Go mapping or existing shared-backend handoff was detected; manual family review is required
iqiyi,IqiyiIE,Iqiyi,requires_new_backend,,,,low,no exact Go mapping or existing shared-backend handoff was detected; manual family review is required
islamchannel,IslamChannelIE,IslamChannel,requires_new_backend,,,,low,no exact Go mapping or existing shared-backend handoff was detected; manual family review is required
islamchannel,IslamChannelSeriesIE,IslamChannelSeries,requires_new_backend,,,,low,no exact Go mapping or existing shared-backend handoff was detected; manual family review is required
israelnationalnews,IsraelNationalNewsIE,IsraelNationalNews,requires_new_backend,,,,low,no exact Go mapping or existing shared-backend handoff was detected; manual family review is required
itprotv,ITProTVCourseIE,ITProTVCourse,requires_new_backend,,,,low,no exact Go mapping or existing shared-backend handoff was detected; manual family review is required
itprotv,ITProTVIE,ITProTV,requires_new_backend,,,,low,no exact Go mapping or existing shared-backend handoff was detected; manual family review is required
itv,ITVBTCCIE,ITVBTCC,uses_existing_shared_backend,,brightcove,,medium,upstream class references a media backend already implemented in Go
itv,ITVIE,ITV,requires_new_backend,,,,low,no exact Go mapping or existing shared-backend handoff was detected; manual family review is required
ivi,IviCompilationIE,IviCompilation,requires_new_backend,,,,low,no exact Go mapping or existing shared-backend handoff was detected; manual family review is required
ivi,IviIE,Ivi,requires_new_backend,,,,low,no exact Go mapping or existing shared-backend handoff was detected; manual family review is required
ivideon,IvideonIE,Ivideon,requires_new_backend,,,,low,no exact Go mapping or existing shared-backend handoff was detected; manual family review is required
ivoox,IvooxIE,Ivoox,requires_new_backend,,,,low,no exact Go mapping or existing shared-backend handoff was detected; manual family review is required
iwara,IwaraIE,Iwara,requires_authentication_or_antibot,,,impersonation;login,medium,"upstream class contains explicit authentication, password, OAuth, or impersonation behavior"
iwara,IwaraPlaylistIE,IwaraPlaylist,requires_new_backend,,,,low,no exact Go mapping or existing shared-backend handoff was detected; manual family review is required
iwara,IwaraUserIE,IwaraUser,requires_new_backend,,,,low,no exact Go mapping or existing shared-backend handoff was detected; manual family review is required
ixigua,IxiguaIE,Ixigua,requires_new_backend,,,,low,no exact Go mapping or existing shared-backend handoff was detected; manual family review is required
jamendo,JamendoAlbumIE,JamendoAlbum,requires_new_backend,,,,low,no exact Go mapping or existing shared-backend handoff was detected; manual family review is required
jamendo,JamendoIE,Jamendo,requires_new_backend,,,,low,no exact Go mapping or existing shared-backend handoff was detected; manual family review is required
japandiet,SangiinIE,Sangiin,requires_new_backend,,,,low,no exact Go mapping or existing shared-backend handoff was detected; manual family review is required
japandiet,SangiinInstructionIE,SangiinInstruction,requires_new_backend,,,,low,no exact Go mapping or existing shared-backend handoff was detected; manual family review is required
japandiet,ShugiinItvLiveIE,ShugiinItvLive,requires_new_backend,,,,low,no exact Go mapping or existing shared-backend handoff was detected; manual family review is required
japandiet,ShugiinItvLiveRoomIE,ShugiinItvLiveRoom,requires_new_backend,,,,low,no exact Go mapping or existing shared-backend handoff was detected; manual family review is required
japandiet,ShugiinItvVodIE,ShugiinItvVod,requires_new_backend,,,,low,no exact Go mapping or existing shared-backend handoff was detected; manual family review is required
jeuxvideo,JeuxVideoIE,JeuxVideo,obsolete_or_intentional_deviation,,,,high,upstream class explicitly declares _WORKING = False
jiosaavn,JioSaavnAlbumIE,JioSaavnAlbum,requires_new_backend,,,,low,no exact Go mapping or existing shared-backend handoff was detected; manual family review is required
jiosaavn,JioSaavnArtistIE,JioSaavnArtist,requires_new_backend,,,,low,no exact Go mapping or existing shared-backend handoff was detected; manual family review is required
jiosaavn,JioSaavnPlaylistIE,JioSaavnPlaylist,requires_new_backend,,,,low,no exact Go mapping or existing shared-backend handoff was detected; manual family review is required
jiosaavn,JioSaavnShowIE,JioSaavnShow,requires_new_backend,,,,low,no exact Go mapping or existing shared-backend handoff was detected; manual family review is required
jiosaavn,JioSaavnShowPlaylistIE,JioSaavnShowPlaylist,requires_new_backend,,,,low,no exact Go mapping or existing shared-backend handoff was detected; manual family review is required
jiosaavn,JioSaavnSongIE,JioSaavnSong,requires_new_backend,,,,low,no exact Go mapping or existing shared-backend handoff was detected; manual family review is required
joj,JojIE,Joj,requires_new_backend,,,,low,no exact Go mapping or existing shared-backend handoff was detected; manual family review is required
jove,JoveIE,Jove,requires_new_backend,,,,low,no exact Go mapping or existing shared-backend handoff was detected; manual family review is required
jstream,JStreamIE,JStream,requires_new_backend,,,,low,no exact Go mapping or existing shared-backend handoff was detected; manual family review is required
jtbc,JTBCIE,JTBC,requires_new_backend,,,,low,no exact Go mapping or existing shared-backend handoff was detected; manual family review is required
jtbc,JTBCProgramIE,JTBCProgram,requires_new_backend,,,,low,no exact Go mapping or existing shared-backend handoff was detected; manual family review is required
jwplatform,JWPlatformIE,JWPlatform,already_supported,jwplatform,jwplatform,,high,normalized upstream key exactly matches a registered Go extractor
kakao,KakaoIE,Kakao,requires_new_backend,,,,low,no exact Go mapping or existing shared-backend handoff was detected; manual family review is required
kaltura,KalturaIE,Kaltura,already_supported,kaltura,kaltura,,high,normalized upstream key exactly matches a registered Go extractor
kankanews,KankaNewsIE,KankaNews,obsolete_or_intentional_deviation,,,,high,upstream class explicitly declares _WORKING = False
karaoketv,KaraoketvIE,Karaoketv,obsolete_or_intentional_deviation,,,,high,upstream class explicitly declares _WORKING = False
kelbyone,KelbyOneIE,KelbyOne,obsolete_or_intentional_deviation,,,,high,upstream class explicitly declares _WORKING = False
kenh14,Kenh14PlaylistIE,Kenh14Playlist,requires_new_backend,,,,low,no exact Go mapping or existing shared-backend handoff was detected; manual family review is required
kenh14,Kenh14VideoIE,Kenh14Video,requires_new_backend,,,,low,no exact Go mapping or existing shared-backend handoff was detected; manual family review is required
khanacademy,KhanAcademyIE,KhanAcademy,requires_new_backend,,,,low,no exact Go mapping or existing shared-backend handoff was detected; manual family review is required
khanacademy,KhanAcademyUnitIE,KhanAcademyUnit,requires_new_backend,,,,low,no exact Go mapping or existing shared-backend handoff was detected; manual family review is required
kick,KickClipIE,KickClip,partially_supported,,,,medium,"the Go port implements this upstream site family, but no exact extractor-key mapping is proven"
kick,KickIE,Kick,already_supported,kick,,,high,normalized upstream key exactly matches a registered Go extractor
kick,KickVODIE,KickVOD,partially_supported,,,,medium,"the Go port implements this upstream site family, but no exact extractor-key mapping is proven"
kicker,KickerIE,Kicker,requires_new_backend,,,,low,no exact Go mapping or existing shared-backend handoff was detected; manual family review is required
kickstarter,KickStarterIE,KickStarter,requires_new_backend,,,,low,no exact Go mapping or existing shared-backend handoff was detected; manual family review is required
kika,KikaIE,Kika,requires_new_backend,,,,low,no exact Go mapping or existing shared-backend handoff was detected; manual family review is required
kika,KikaPlaylistIE,KikaPlaylist,requires_new_backend,,,,low,no exact Go mapping or existing shared-backend handoff was detected; manual family review is required
kinopoisk,KinoPoiskIE,KinoPoisk,requires_new_backend,,,,low,no exact Go mapping or existing shared-backend handoff was detected; manual family review is required
kommunetv,KommunetvIE,Kommunetv,requires_new_backend,,,,low,no exact Go mapping or existing shared-backend handoff was detected; manual family review is required
kompas,KompasVideoIE,KompasVideo,requires_new_backend,,,,low,no exact Go mapping or existing shared-backend handoff was detected; manual family review is required
krasview,KrasViewIE,KrasView,obsolete_or_intentional_deviation,,,,high,upstream class explicitly declares _WORKING = False
kth,KTHIE,KTH,uses_existing_shared_backend,,kaltura,,medium,upstream class references a media backend already implemented in Go
ku6,Ku6IE,Ku6,requires_new_backend,,,,low,no exact Go mapping or existing shared-backend handoff was detected; manual family review is required
kukululive,KukuluLiveIE,KukuluLive,requires_new_backend,,,,low,no exact Go mapping or existing shared-backend handoff was detected; manual family review is required
kuwo,KuwoAlbumIE,KuwoAlbum,obsolete_or_intentional_deviation,,,,high,upstream class explicitly declares _WORKING = False
kuwo,KuwoCategoryIE,KuwoCategory,obsolete_or_intentional_deviation,,,,high,upstream class explicitly declares _WORKING = False
kuwo,KuwoChartIE,KuwoChart,obsolete_or_intentional_deviation,,,,high,upstream class explicitly declares _WORKING = False
kuwo,KuwoIE,Kuwo,obsolete_or_intentional_deviation,,,,high,upstream class explicitly declares _WORKING = False
kuwo,KuwoMvIE,KuwoMv,obsolete_or_intentional_deviation,,,,high,upstream class explicitly declares _WORKING = False
kuwo,KuwoSingerIE,KuwoSinger,obsolete_or_intentional_deviation,,,,high,upstream class explicitly declares _WORKING = False
la7,LA7IE,LA7,requires_new_backend,,,,low,no exact Go mapping or existing shared-backend handoff was detected; manual family review is required
la7,LA7PodcastEpisodeIE,LA7PodcastEpisode,requires_new_backend,,,,low,no exact Go mapping or existing shared-backend handoff was detected; manual family review is required
la7,LA7PodcastIE,LA7Podcast,requires_new_backend,,,,low,no exact Go mapping or existing shared-backend handoff was detected; manual family review is required
laracasts,LaracastsIE,Laracasts,already_supported,laracasts,,,high,normalized upstream key exactly matches a registered Go extractor
laracasts,LaracastsPlaylistIE,LaracastsPlaylist,requires_new_backend,,,,low,no exact Go mapping or existing shared-backend handoff was detected; manual family review is required
lastfm,LastFMIE,LastFM,requires_new_backend,,,,low,no exact Go mapping or existing shared-backend handoff was detected; manual family review is required
lastfm,LastFMPlaylistIE,LastFMPlaylist,requires_new_backend,,,,low,no exact Go mapping or existing shared-backend handoff was detected; manual family review is required
lastfm,LastFMUserIE,LastFMUser,requires_new_backend,,,,low,no exact Go mapping or existing shared-backend handoff was detected; manual family review is required
laxarxames,LaXarxaMesIE,LaXarxaMes,requires_authentication_or_antibot,,brightcove,authentication;login,medium,"upstream class contains explicit authentication, password, OAuth, or impersonation behavior"
lbry,LBRYChannelIE,LBRYChannel,requires_new_backend,,,,low,no exact Go mapping or existing shared-backend handoff was detected; manual family review is required
lbry,LBRYIE,LBRY,requires_new_backend,,,,low,no exact Go mapping or existing shared-backend handoff was detected; manual family review is required
lbry,LBRYPlaylistIE,LBRYPlaylist,requires_new_backend,,,,low,no exact Go mapping or existing shared-backend handoff was detected; manual family review is required
lci,LCIIE,LCI,requires_new_backend,,,,low,no exact Go mapping or existing shared-backend handoff was detected; manual family review is required
lcp,LcpIE,Lcp,obsolete_or_intentional_deviation,,,,high,upstream class explicitly declares _WORKING = False
lcp,LcpPlayIE,LcpPlay,obsolete_or_intentional_deviation,,,,high,upstream class explicitly declares _WORKING = False
learningonscreen,LearningOnScreenIE,LearningOnScreen,requires_authentication_or_antibot,,,login,medium,"upstream class contains explicit authentication, password, OAuth, or impersonation behavior"
lecture2go,Lecture2GoIE,Lecture2Go,obsolete_or_intentional_deviation,,,,high,upstream class explicitly declares _WORKING = False
lecturio,LecturioCourseIE,LecturioCourse,requires_new_backend,,,,low,no exact Go mapping or existing shared-backend handoff was detected; manual family review is required
lecturio,LecturioDeCourseIE,LecturioDeCourse,requires_new_backend,,,,low,no exact Go mapping or existing shared-backend handoff was detected; manual family review is required
lecturio,LecturioIE,Lecturio,requires_new_backend,,,,low,no exact Go mapping or existing shared-backend handoff was detected; manual family review is required
leeco,LeIE,Le,requires_new_backend,,,,low,no exact Go mapping or existing shared-backend handoff was detected; manual family review is required
leeco,LePlaylistIE,LePlaylist,requires_new_backend,,,,low,no exact Go mapping or existing shared-backend handoff was detected; manual family review is required
lefigaro,LeFigaroVideoEmbedIE,LeFigaroVideoEmbed,already_supported,lefigarovideoembed,jwplatform,,high,normalized upstream key exactly matches a registered Go extractor
lefigaro,LeFigaroVideoSectionIE,LeFigaroVideoSection,requires_new_backend,,,,low,no exact Go mapping or existing shared-backend handoff was detected; manual family review is required
lego,LEGOIE,LEGO,requires_new_backend,,,,low,no exact Go mapping or existing shared-backend handoff was detected; manual family review is required
lemonde,LemondeIE,Lemonde,requires_new_backend,,,,low,no exact Go mapping or existing shared-backend handoff was detected; manual family review is required
lenta,LentaIE,Lenta,obsolete_or_intentional_deviation,,,,high,upstream class explicitly declares _WORKING = False
libraryofcongress,LibraryOfCongressIE,LibraryOfCongress,requires_new_backend,,,,low,no exact Go mapping or existing shared-backend handoff was detected; manual family review is required
libsyn,LibsynIE,Libsyn,already_supported,libsyn,,,high,normalized upstream key exactly matches a registered Go extractor
lifenews,LifeEmbedIE,LifeEmbed,requires_new_backend,,,,low,no exact Go mapping or existing shared-backend handoff was detected; manual family review is required
lifenews,LifeNewsIE,LifeNews,requires_new_backend,,,,low,no exact Go mapping or existing shared-backend handoff was detected; manual family review is required
likee,LikeeIE,Likee,requires_new_backend,,,,low,no exact Go mapping or existing shared-backend handoff was detected; manual family review is required
likee,LikeeUserIE,LikeeUser,requires_new_backend,,,,low,no exact Go mapping or existing shared-backend handoff was detected; manual family review is required
linkedin,LinkedInEventsIE,LinkedInEvents,requires_authentication_or_antibot,,,login,medium,"upstream class contains explicit authentication, password, OAuth, or impersonation behavior"
linkedin,LinkedInIE,LinkedIn,requires_new_backend,,,,low,no exact Go mapping or existing shared-backend handoff was detected; manual family review is required
linkedin,LinkedInLearningCourseIE,LinkedInLearningCourse,requires_new_backend,,,,low,no exact Go mapping or existing shared-backend handoff was detected; manual family review is required
linkedin,LinkedInLearningIE,LinkedInLearning,requires_new_backend,,,,low,no exact Go mapping or existing shared-backend handoff was detected; manual family review is required
liputan6,Liputan6IE,Liputan6,requires_new_backend,,,,low,no exact Go mapping or existing shared-backend handoff was detected; manual family review is required
listennotes,ListenNotesIE,ListenNotes,requires_new_backend,,,,low,no exact Go mapping or existing shared-backend handoff was detected; manual family review is required
litv,LiTVIE,LiTV,requires_new_backend,,,,low,no exact Go mapping or existing shared-backend handoff was detected; manual family review is required
livejournal,LiveJournalIE,LiveJournal,obsolete_or_intentional_deviation,,,,high,upstream class explicitly declares _WORKING = False
livestreamfails,LivestreamfailsIE,Livestreamfails,requires_new_backend,,,,low,no exact Go mapping or existing shared-backend handoff was detected; manual family review is required
lnk,LnkIE,Lnk,requires_new_backend,,,,low,no exact Go mapping or existing shared-backend handoff was detected; manual family review is required
locipo,LocipoIE,Locipo,requires_new_backend,,,,low,no exact Go mapping or existing shared-backend handoff was detected; manual family review is required
locipo,LocipoPlaylistIE,LocipoPlaylist,requires_new_backend,,,,low,no exact Go mapping or existing shared-backend handoff was detected; manual family review is required
loco,LocoIE,Loco,requires_authentication_or_antibot,,,authentication,medium,"upstream class contains explicit authentication, password, OAuth, or impersonation behavior"
loom,LoomFolderIE,LoomFolder,obsolete_or_intentional_deviation,,,,high,upstream class explicitly declares _WORKING = False
loom,LoomIE,Loom,requires_new_backend,,,,low,no exact Go mapping or existing shared-backend handoff was detected; manual family review is required
lovehomeporn,LoveHomePornIE,LoveHomePorn,requires_new_backend,,,,low,no exact Go mapping or existing shared-backend handoff was detected; manual family review is required
lrt,LRTRadioIE,LRTRadio,requires_new_backend,,,,low,no exact Go mapping or existing shared-backend handoff was detected; manual family review is required
lrt,LRTStreamIE,LRTStream,requires_new_backend,,,,low,no exact Go mapping or existing shared-backend handoff was detected; manual family review is required
lrt,LRTVODIE,LRTVOD,requires_new_backend,,,,low,no exact Go mapping or existing shared-backend handoff was detected; manual family review is required
lsm,LSMLREmbedIE,LSMLREmbed,requires_new_backend,,,,low,no exact Go mapping or existing shared-backend handoff was detected; manual family review is required
lsm,LSMLTVEmbedIE,LSMLTVEmbed,requires_new_backend,,,,low,no exact Go mapping or existing shared-backend handoff was detected; manual family review is required
lsm,LSMReplayIE,LSMReplay,requires_new_backend,,,,low,no exact Go mapping or existing shared-backend handoff was detected; manual family review is required
lumni,LumniIE,Lumni,requires_new_backend,,,,low,no exact Go mapping or existing shared-backend handoff was detected; manual family review is required
maariv,MaarivIE,Maariv,requires_new_backend,,,,low,no exact Go mapping or existing shared-backend handoff was detected; manual family review is required
magellantv,MagellanTVIE,MagellanTV,requires_new_backend,,,,low,no exact Go mapping or existing shared-backend handoff was detected; manual family review is required
magentamusik,MagentaMusikIE,MagentaMusik,requires_new_backend,,,,low,no exact Go mapping or existing shared-backend handoff was detected; manual family review is required
mailru,MailRuIE,MailRu,requires_new_backend,,,,low,no exact Go mapping or existing shared-backend handoff was detected; manual family review is required
mailru,MailRuMusicIE,MailRuMusic,requires_new_backend,,,,low,no exact Go mapping or existing shared-backend handoff was detected; manual family review is required
mailru,MailRuMusicSearchIE,MailRuMusicSearch,requires_new_backend,,,,low,no exact Go mapping or existing shared-backend handoff was detected; manual family review is required
mainstreaming,MainStreamingIE,MainStreaming,requires_new_backend,,,,low,no exact Go mapping or existing shared-backend handoff was detected; manual family review is required
mangomolo,MangomoloLiveIE,MangomoloLive,requires_new_backend,,,,low,no exact Go mapping or existing shared-backend handoff was detected; manual family review is required
mangomolo,MangomoloVideoIE,MangomoloVideo,requires_new_backend,,,,low,no exact Go mapping or existing shared-backend handoff was detected; manual family review is required
manyvids,ManyVidsIE,ManyVids,requires_new_backend,,,,low,no exact Go mapping or existing shared-backend handoff was detected; manual family review is required
maoritv,MaoriTVIE,MaoriTV,already_supported,maoritv,brightcove,,high,normalized upstream key exactly matches a registered Go extractor
markiza,MarkizaIE,Markiza,obsolete_or_intentional_deviation,,,,high,upstream class explicitly declares _WORKING = False
markiza,MarkizaPageIE,MarkizaPage,obsolete_or_intentional_deviation,,,,high,upstream class explicitly declares _WORKING = False
massengeschmacktv,MassengeschmackTVIE,MassengeschmackTV,requires_new_backend,,,,low,no exact Go mapping or existing shared-backend handoff was detected; manual family review is required
masters,MastersIE,Masters,requires_new_backend,,,,low,no exact Go mapping or existing shared-backend handoff was detected; manual family review is required
matchitv,MatchiTVIE,MatchiTV,requires_new_backend,,,,low,no exact Go mapping or existing shared-backend handoff was detected; manual family review is required
matchtv,MatchTVIE,MatchTV,requires_new_backend,,,,low,no exact Go mapping or existing shared-backend handoff was detected; manual family review is required
mave,MaveChannelIE,MaveChannel,requires_new_backend,,,,low,no exact Go mapping or existing shared-backend handoff was detected; manual family review is required
mave,MaveIE,Mave,requires_new_backend,,,,low,no exact Go mapping or existing shared-backend handoff was detected; manual family review is required
mbn,MBNIE,MBN,requires_new_backend,,,,low,no exact Go mapping or existing shared-backend handoff was detected; manual family review is required
mdr,MDRIE,MDR,requires_new_backend,,,,low,no exact Go mapping or existing shared-backend handoff was detected; manual family review is required
medaltv,MedalTVIE,MedalTV,requires_new_backend,,,,low,no exact Go mapping or existing shared-backend handoff was detected; manual family review is required
mediaite,MediaiteIE,Mediaite,requires_new_backend,,,,low,no exact Go mapping or existing shared-backend handoff was detected; manual family review is required
mediaklikk,MediaKlikkIE,MediaKlikk,requires_new_backend,,,,low,no exact Go mapping or existing shared-backend handoff was detected; manual family review is required
medialaan,MedialaanIE,Medialaan,requires_new_backend,,,,low,no exact Go mapping or existing shared-backend handoff was detected; manual family review is required
mediaset,MediasetIE,Mediaset,requires_new_backend,,,,low,no exact Go mapping or existing shared-backend handoff was detected; manual family review is required
mediaset,MediasetShowIE,MediasetShow,requires_new_backend,,,,low,no exact Go mapping or existing shared-backend handoff was detected; manual family review is required
mediasite,MediasiteCatalogIE,MediasiteCatalog,requires_new_backend,,,,low,no exact Go mapping or existing shared-backend handoff was detected; manual family review is required
mediasite,MediasiteIE,Mediasite,requires_new_backend,,,,low,no exact Go mapping or existing shared-backend handoff was detected; manual family review is required
mediasite,MediasiteNamedCatalogIE,MediasiteNamedCatalog,requires_new_backend,,,,low,no exact Go mapping or existing shared-backend handoff was detected; manual family review is required
mediastream,MediaStreamIE,MediaStream,already_supported,mediastream,,,high,normalized upstream key exactly matches a registered Go extractor
mediastream,WinSportsVideoIE,WinSportsVideo,requires_new_backend,,,,low,no exact Go mapping or existing shared-backend handoff was detected; manual family review is required
mediaworksnz,MediaWorksNZVODIE,MediaWorksNZVOD,requires_new_backend,,,,low,no exact Go mapping or existing shared-backend handoff was detected; manual family review is required
medici,MediciIE,Medici,requires_authentication_or_antibot,,,authentication,medium,"upstream class contains explicit authentication, password, OAuth, or impersonation behavior"
megaphone,MegaphoneIE,Megaphone,already_supported,megaphone,,,high,normalized upstream key exactly matches a registered Go extractor
megatvcom,MegaTVComEmbedIE,MegaTVComEmbed,requires_new_backend,,,,low,no exact Go mapping or existing shared-backend handoff was detected; manual family review is required
megatvcom,MegaTVComIE,MegaTVCom,requires_new_backend,,,,low,no exact Go mapping or existing shared-backend handoff was detected; manual family review is required
meipai,MeipaiIE,Meipai,requires_new_backend,,,,low,no exact Go mapping or existing shared-backend handoff was detected; manual family review is required
melonvod,MelonVODIE,MelonVOD,requires_new_backend,,,,low,no exact Go mapping or existing shared-backend handoff was detected; manual family review is required
metacritic,MetacriticIE,Metacritic,requires_new_backend,,,,low,no exact Go mapping or existing shared-backend handoff was detected; manual family review is required
mgtv,MGTVIE,MGTV,requires_new_backend,,,,low,no exact Go mapping or existing shared-backend handoff was detected; manual family review is required
microsoftembed,MicrosoftBuildIE,MicrosoftBuild,requires_new_backend,,,,low,no exact Go mapping or existing shared-backend handoff was detected; manual family review is required
microsoftembed,MicrosoftEmbedIE,MicrosoftEmbed,requires_new_backend,,,,low,no exact Go mapping or existing shared-backend handoff was detected; manual family review is required
microsoftembed,MicrosoftLearnEpisodeIE,MicrosoftLearnEpisode,requires_new_backend,,,,low,no exact Go mapping or existing shared-backend handoff was detected; manual family review is required
microsoftembed,MicrosoftLearnPlaylistIE,MicrosoftLearnPlaylist,requires_new_backend,,,,low,no exact Go mapping or existing shared-backend handoff was detected; manual family review is required
microsoftembed,MicrosoftLearnSessionIE,MicrosoftLearnSession,requires_new_backend,,,,low,no exact Go mapping or existing shared-backend handoff was detected; manual family review is required
microsoftembed,MicrosoftMediusIE,MicrosoftMedius,requires_new_backend,,,,low,no exact Go mapping or existing shared-backend handoff was detected; manual family review is required
minds,MindsChannelIE,MindsChannel,requires_new_backend,,,,low,no exact Go mapping or existing shared-backend handoff was detected; manual family review is required
minds,MindsGroupIE,MindsGroup,requires_new_backend,,,,low,no exact Go mapping or existing shared-backend handoff was detected; manual family review is required
minds,MindsIE,Minds,requires_new_backend,,,,low,no exact Go mapping or existing shared-backend handoff was detected; manual family review is required
mir24tv,Mir24TvIE,Mir24Tv,requires_authentication_or_antibot,,,impersonation,medium,"upstream class contains explicit authentication, password, OAuth, or impersonation behavior"
mirrativ,MirrativIE,Mirrativ,requires_new_backend,,,,low,no exact Go mapping or existing shared-backend handoff was detected; manual family review is required
mirrativ,MirrativUserIE,MirrativUser,requires_new_backend,,,,low,no exact Go mapping or existing shared-backend handoff was detected; manual family review is required
mirrorcouk,MirrorCoUKIE,MirrorCoUK,already_supported,mirrorcouk,jwplatform,,high,normalized upstream key exactly matches a registered Go extractor
mit,OCWMITIE,OCWMIT,uses_existing_shared_backend,,youtube,,medium,upstream class references a media backend already implemented in Go
mit,TechTVMITIE,TechTVMIT,requires_new_backend,,,,low,no exact Go mapping or existing shared-backend handoff was detected; manual family review is required
mixch,MixchArchiveIE,MixchArchive,requires_authentication_or_antibot,,,login,medium,"upstream class contains explicit authentication, password, OAuth, or impersonation behavior"
mixch,MixchIE,Mixch,requires_new_backend,,,,low,no exact Go mapping or existing shared-backend handoff was detected; manual family review is required
mixch,MixchMovieIE,MixchMovie,requires_new_backend,,,,low,no exact Go mapping or existing shared-backend handoff was detected; manual family review is required
mixcloud,MixcloudIE,Mixcloud,already_supported,mixcloud,,login,high,normalized upstream key exactly matches a registered Go extractor
mixcloud,MixcloudPlaylistIE,MixcloudPlaylist,partially_supported,,,,medium,"the Go port implements this upstream site family, but no exact extractor-key mapping is proven"
mixcloud,MixcloudUserIE,MixcloudUser,partially_supported,,,,medium,"the Go port implements this upstream site family, but no exact extractor-key mapping is proven"
mixlr,MixlrIE,Mixlr,requires_new_backend,,,,low,no exact Go mapping or existing shared-backend handoff was detected; manual family review is required
mixlr,MixlrRecoringIE,MixlrRecoring,requires_new_backend,,,,low,no exact Go mapping or existing shared-backend handoff was detected; manual family review is required
mlb,MLBArticleIE,MLBArticle,requires_new_backend,,,,low,no exact Go mapping or existing shared-backend handoff was detected; manual family review is required
mlb,MLBIE,MLB,requires_new_backend,,,,low,no exact Go mapping or existing shared-backend handoff was detected; manual family review is required
mlb,MLBTVIE,MLBTV,requires_authentication_or_antibot,,,authentication;login,medium,"upstream class contains explicit authentication, password, OAuth, or impersonation behavior"
mlb,MLBVideoIE,MLBVideo,requires_new_backend,,,,low,no exact Go mapping or existing shared-backend handoff was detected; manual family review is required
mlssoccer,MLSSoccerIE,MLSSoccer,uses_existing_shared_backend,,brightcove,,medium,upstream class references a media backend already implemented in Go
mocha,MochaVideoIE,MochaVideo,requires_new_backend,,,,low,no exact Go mapping or existing shared-backend handoff was detected; manual family review is required
mojevideo,MojevideoIE,Mojevideo,requires_new_backend,,,,low,no exact Go mapping or existing shared-backend handoff was detected; manual family review is required
monstercat,MonstercatIE,Monstercat,requires_new_backend,,,,low,no exact Go mapping or existing shared-backend handoff was detected; manual family review is required
motorsport,MotorsportIE,Motorsport,obsolete_or_intentional_deviation,,,,high,upstream class explicitly declares _WORKING = False
moviepilot,MoviepilotIE,Moviepilot,requires_new_backend,,,,low,no exact Go mapping or existing shared-backend handoff was detected; manual family review is required
movingimage,MovingImageIE,MovingImage,requires_new_backend,,,,low,no exact Go mapping or existing shared-backend handoff was detected; manual family review is required
msn,MSNIE,MSN,requires_new_backend,,,,low,no exact Go mapping or existing shared-backend handoff was detected; manual family review is required
mtv,MTVIE,MTV,requires_new_backend,,,,low,no exact Go mapping or existing shared-backend handoff was detected; manual family review is required
muenchentv,MuenchenTVIE,MuenchenTV,obsolete_or_intentional_deviation,,,,high,upstream class explicitly declares _WORKING = False
murrtube,MurrtubeIE,Murrtube,requires_new_backend,,,,low,no exact Go mapping or existing shared-backend handoff was detected; manual family review is required
murrtube,MurrtubeUserIE,MurrtubeUser,obsolete_or_intentional_deviation,,,,high,upstream class explicitly declares _WORKING = False
museai,MuseAIIE,MuseAI,requires_new_backend,,,,low,no exact Go mapping or existing shared-backend handoff was detected; manual family review is required
musescore,MuseScoreIE,MuseScore,requires_authentication_or_antibot,,,authentication,medium,"upstream class contains explicit authentication, password, OAuth, or impersonation behavior"
mux,MuxIE,Mux,requires_new_backend,,,,low,no exact Go mapping or existing shared-backend handoff was detected; manual family review is required
mx3,Mx3IE,Mx3,requires_new_backend,,,,low,no exact Go mapping or existing shared-backend handoff was detected; manual family review is required
mx3,Mx3NeoIE,Mx3Neo,requires_new_backend,,,,low,no exact Go mapping or existing shared-backend handoff was detected; manual family review is required
mx3,Mx3VolksmusikIE,Mx3Volksmusik,requires_new_backend,,,,low,no exact Go mapping or existing shared-backend handoff was detected; manual family review is required
mxplayer,MxplayerIE,Mxplayer,requires_new_backend,,,,low,no exact Go mapping or existing shared-backend handoff was detected; manual family review is required
mxplayer,MxplayerRedirectIE,MxplayerRedirect,requires_new_backend,,,,low,no exact Go mapping or existing shared-backend handoff was detected; manual family review is required
mxplayer,MxplayerSeasonIE,MxplayerSeason,requires_new_backend,,,,low,no exact Go mapping or existing shared-backend handoff was detected; manual family review is required
mxplayer,MxplayerShowIE,MxplayerShow,requires_new_backend,,,,low,no exact Go mapping or existing shared-backend handoff was detected; manual family review is required
myspace,MySpaceAlbumIE,MySpaceAlbum,requires_new_backend,,,,low,no exact Go mapping or existing shared-backend handoff was detected; manual family review is required
myspace,MySpaceIE,MySpace,requires_new_backend,,,,low,no exact Go mapping or existing shared-backend handoff was detected; manual family review is required
myspass,MySpassIE,MySpass,requires_new_backend,,,,low,no exact Go mapping or existing shared-backend handoff was detected; manual family review is required
myvideoge,MyVideoGeIE,MyVideoGe,requires_new_backend,,,,low,no exact Go mapping or existing shared-backend handoff was detected; manual family review is required
myvidster,MyVidsterIE,MyVidster,requires_new_backend,,,,low,no exact Go mapping or existing shared-backend handoff was detected; manual family review is required
mzaalo,MzaaloIE,Mzaalo,requires_new_backend,,,,low,no exact Go mapping or existing shared-backend handoff was detected; manual family review is required
n1,N1InfoAssetIE,N1InfoAsset,requires_new_backend,,,,low,no exact Go mapping or existing shared-backend handoff was detected; manual family review is required
n1,N1InfoIIE,N1InfoI,requires_new_backend,,,,low,no exact Go mapping or existing shared-backend handoff was detected; manual family review is required
nascar,NascarClassicsIE,NascarClassics,requires_new_backend,,,,low,no exact Go mapping or existing shared-backend handoff was detected; manual family review is required
nate,NateIE,Nate,requires_new_backend,,,,low,no exact Go mapping or existing shared-backend handoff was detected; manual family review is required
nate,NateProgramIE,NateProgram,requires_new_backend,,,,low,no exact Go mapping or existing shared-backend handoff was detected; manual family review is required
nationalgeographic,NationalGeographicTVIE,NationalGeographicTV,requires_new_backend,,,,low,no exact Go mapping or existing shared-backend handoff was detected; manual family review is required
naver,NaverIE,Naver,requires_new_backend,,,,low,no exact Go mapping or existing shared-backend handoff was detected; manual family review is required
naver,NaverLiveIE,NaverLive,requires_new_backend,,,,low,no exact Go mapping or existing shared-backend handoff was detected; manual family review is required
nba,NBAChannelIE,NBAChannel,obsolete_or_intentional_deviation,,,,high,upstream class explicitly declares _WORKING = False
nba,NBAEmbedIE,NBAEmbed,obsolete_or_intentional_deviation,,,,high,upstream class explicitly declares _WORKING = False
nba,NBAIE,NBA,obsolete_or_intentional_deviation,,,,high,upstream class explicitly declares _WORKING = False
nba,NBAWatchCollectionIE,NBAWatchCollection,obsolete_or_intentional_deviation,,,,high,upstream class explicitly declares _WORKING = False
nba,NBAWatchEmbedIE,NBAWatchEmbed,obsolete_or_intentional_deviation,,,,high,upstream class explicitly declares _WORKING = False
nba,NBAWatchIE,NBAWatch,obsolete_or_intentional_deviation,,,,high,upstream class explicitly declares _WORKING = False
nbc,BravoTVIE,BravoTV,requires_new_backend,,,,low,no exact Go mapping or existing shared-backend handoff was detected; manual family review is required
nbc,NBCIE,NBC,requires_new_backend,,,,low,no exact Go mapping or existing shared-backend handoff was detected; manual family review is required
nbc,NBCNewsIE,NBCNews,uses_existing_shared_backend,,theplatform,,medium,upstream class references a media backend already implemented in Go
nbc,NBCOlympicsIE,NBCOlympics,already_supported,nbcolympics,theplatform,,high,normalized upstream key exactly matches a registered Go extractor
nbc,NBCOlympicsStreamIE,NBCOlympicsStream,obsolete_or_intentional_deviation,,,,high,upstream class explicitly declares _WORKING = False
nbc,NBCSportsIE,NBCSports,obsolete_or_intentional_deviation,,,,high,upstream class explicitly declares _WORKING = False
nbc,NBCSportsStreamIE,NBCSportsStream,obsolete_or_intentional_deviation,,,,high,upstream class explicitly declares _WORKING = False
nbc,NBCSportsVPlayerIE,NBCSportsVPlayer,obsolete_or_intentional_deviation,,,,high,upstream class explicitly declares _WORKING = False
nbc,NBCStationsIE,NBCStations,requires_new_backend,,,,low,no exact Go mapping or existing shared-backend handoff was detected; manual family review is required
nbc,SyfyIE,Syfy,requires_new_backend,,,,low,no exact Go mapping or existing shared-backend handoff was detected; manual family review is required
ndr,NDREmbedBaseIE,NDREmbedBase,requires_new_backend,,,,low,no exact Go mapping or existing shared-backend handoff was detected; manual family review is required
ndr,NDREmbedIE,NDREmbed,requires_new_backend,,,,low,no exact Go mapping or existing shared-backend handoff was detected; manual family review is required
ndr,NDRIE,NDR,requires_new_backend,,,,low,no exact Go mapping or existing shared-backend handoff was detected; manual family review is required
ndr,NJoyEmbedIE,NJoyEmbed,requires_new_backend,,,,low,no exact Go mapping or existing shared-backend handoff was detected; manual family review is required
ndr,NJoyIE,NJoy,requires_new_backend,,,,low,no exact Go mapping or existing shared-backend handoff was detected; manual family review is required
ndtv,NDTVIE,NDTV,obsolete_or_intentional_deviation,,,,high,upstream class explicitly declares _WORKING = False
nebula,NebulaChannelIE,NebulaChannel,requires_new_backend,,,,low,no exact Go mapping or existing shared-backend handoff was detected; manual family review is required
nebula,NebulaClassIE,NebulaClass,requires_authentication_or_antibot,,,login,medium,"upstream class contains explicit authentication, password, OAuth, or impersonation behavior"
nebula,NebulaIE,Nebula,requires_new_backend,,,,low,no exact Go mapping or existing shared-backend handoff was detected; manual family review is required
nebula,NebulaSeasonIE,NebulaSeason,requires_new_backend,,,,low,no exact Go mapping or existing shared-backend handoff was detected; manual family review is required
nebula,NebulaSubscriptionsIE,NebulaSubscriptions,requires_new_backend,,,,low,no exact Go mapping or existing shared-backend handoff was detected; manual family review is required
nekohacker,NekoHackerIE,NekoHacker,requires_new_backend,,,,low,no exact Go mapping or existing shared-backend handoff was detected; manual family review is required
nest,NestClipIE,NestClip,requires_new_backend,,,,low,no exact Go mapping or existing shared-backend handoff was detected; manual family review is required
nest,NestIE,Nest,requires_new_backend,,,,low,no exact Go mapping or existing shared-backend handoff was detected; manual family review is required
netapp,NetAppCollectionIE,NetAppCollection,already_supported,netapp_collection,brightcove,,high,normalized upstream key exactly matches a registered Go extractor
netapp,NetAppVideoIE,NetAppVideo,uses_existing_shared_backend,,brightcove,,medium,upstream class references a media backend already implemented in Go
neteasemusic,NetEaseMusicAlbumIE,NetEaseMusicAlbum,requires_new_backend,,,,low,no exact Go mapping or existing shared-backend handoff was detected; manual family review is required
neteasemusic,NetEaseMusicDjRadioIE,NetEaseMusicDjRadio,requires_new_backend,,,,low,no exact Go mapping or existing shared-backend handoff was detected; manual family review is required
neteasemusic,NetEaseMusicIE,NetEaseMusic,requires_new_backend,,,,low,no exact Go mapping or existing shared-backend handoff was detected; manual family review is required
neteasemusic,NetEaseMusicListIE,NetEaseMusicList,requires_new_backend,,,,low,no exact Go mapping or existing shared-backend handoff was detected; manual family review is required
neteasemusic,NetEaseMusicMvIE,NetEaseMusicMv,requires_new_backend,,,,low,no exact Go mapping or existing shared-backend handoff was detected; manual family review is required
neteasemusic,NetEaseMusicProgramIE,NetEaseMusicProgram,requires_new_backend,,,,low,no exact Go mapping or existing shared-backend handoff was detected; manual family review is required
neteasemusic,NetEaseMusicSingerIE,NetEaseMusicSinger,requires_new_backend,,,,low,no exact Go mapping or existing shared-backend handoff was detected; manual family review is required
netzkino,NetzkinoIE,Netzkino,requires_new_backend,,,,low,no exact Go mapping or existing shared-backend handoff was detected; manual family review is required
newgrounds,NewgroundsIE,Newgrounds,requires_authentication_or_antibot,,,login,medium,"upstream class contains explicit authentication, password, OAuth, or impersonation behavior"
newgrounds,NewgroundsPlaylistIE,NewgroundsPlaylist,requires_new_backend,,,,low,no exact Go mapping or existing shared-backend handoff was detected; manual family review is required
newgrounds,NewgroundsUserIE,NewgroundsUser,requires_new_backend,,,,low,no exact Go mapping or existing shared-backend handoff was detected; manual family review is required
newspicks,NewsPicksIE,NewsPicks,requires_new_backend,,,,low,no exact Go mapping or existing shared-backend handoff was detected; manual family review is required
newsy,NewsyIE,Newsy,requires_new_backend,,,,low,no exact Go mapping or existing shared-backend handoff was detected; manual family review is required
nexx,NexxEmbedIE,NexxEmbed,requires_new_backend,,,,low,no exact Go mapping or existing shared-backend handoff was detected; manual family review is required
nexx,NexxIE,Nexx,requires_new_backend,,,,low,no exact Go mapping or existing shared-backend handoff was detected; manual family review is required
nfb,NFBIE,NFB,requires_new_backend,,,,low,no exact Go mapping or existing shared-backend handoff was detected; manual family review is required
nfb,NFBSeriesIE,NFBSeries,requires_new_backend,,,,low,no exact Go mapping or existing shared-backend handoff was detected; manual family review is required
nfhsnetwork,NFHSNetworkIE,NFHSNetwork,requires_new_backend,,,,low,no exact Go mapping or existing shared-backend handoff was detected; manual family review is required
nfl,NFLArticleIE,NFLArticle,requires_new_backend,,,,low,no exact Go mapping or existing shared-backend handoff was detected; manual family review is required
nfl,NFLIE,NFL,requires_new_backend,,,,low,no exact Go mapping or existing shared-backend handoff was detected; manual family review is required
nfl,NFLPlusEpisodeIE,NFLPlusEpisode,requires_authentication_or_antibot,,,authentication,medium,"upstream class contains explicit authentication, password, OAuth, or impersonation behavior"
nfl,NFLPlusReplayIE,NFLPlusReplay,requires_authentication_or_antibot,,,authentication,medium,"upstream class contains explicit authentication, password, OAuth, or impersonation behavior"
nhk,NhkForSchoolBangumiIE,NhkForSchoolBangumi,already_supported,nhk_for_school_bangumi,,,high,fixture-backed Go extractor with version-ID replacement and chapter evidence
nhk,NhkForSchoolProgramListIE,NhkForSchoolProgramList,already_supported,nhk_for_school_program_list,,,high,fixture-backed Go extractor with bangumi re-entry evidence
nhk,NhkForSchoolSubjectIE,NhkForSchoolSubject,already_supported,nhk_for_school_subject,,,high,fixture-backed Go extractor with allowlisted subject playlist evidence
nhk,NhkRadioNewsPageIE,NhkRadioNewsPage,already_supported,nhk_radio_news_page,,,high,fixture-backed Go extractor with transparent Radiru handoff evidence
nhk,NhkRadiruIE,NhkRadiru,already_supported,nhk_radiru,,,high,fixture-backed Go extractor for Radiru on-demand episode/playlist evidence
nhk,NhkRadiruLiveIE,NhkRadiruLive,already_supported,nhk_radiru_live,,,high,fixture-backed Go extractor with area option and live HLS evidence
nhk,NhkVodIE,NhkVod,already_supported,nhk_vod,,,high,fixture-backed Go extractor for NHK World VOD video/audio/clip evidence
nhk,NhkVodProgramIE,NhkVodProgram,already_supported,nhk_vod_program,,,high,fixture-backed Go extractor for NHK World program playlist re-entry evidence
nhl,NHLIE,NHL,requires_new_backend,,,,low,no exact Go mapping or existing shared-backend handoff was detected; manual family review is required
nick,NickIE,Nick,requires_new_backend,,,,low,no exact Go mapping or existing shared-backend handoff was detected; manual family review is required
niconico,NiconicoHistoryIE,NiconicoHistory,requires_authentication_or_antibot,,,login,medium,"upstream class contains explicit authentication, password, OAuth, or impersonation behavior"
niconico,NiconicoIE,Niconico,requires_authentication_or_antibot,,,login,medium,"upstream class contains explicit authentication, password, OAuth, or impersonation behavior"
niconico,NiconicoLiveIE,NiconicoLive,requires_authentication_or_antibot,,,login,medium,"upstream class contains explicit authentication, password, OAuth, or impersonation behavior"
niconico,NiconicoPlaylistIE,NiconicoPlaylist,requires_new_backend,,,,low,no exact Go mapping or existing shared-backend handoff was detected; manual family review is required
niconico,NiconicoSeriesIE,NiconicoSeries,requires_new_backend,,,,low,no exact Go mapping or existing shared-backend handoff was detected; manual family review is required
niconico,NiconicoUserIE,NiconicoUser,requires_new_backend,,,,low,no exact Go mapping or existing shared-backend handoff was detected; manual family review is required
niconico,NicovideoSearchDateIE,NicovideoSearchDate,requires_new_backend,,,,low,no exact Go mapping or existing shared-backend handoff was detected; manual family review is required
niconico,NicovideoSearchIE,NicovideoSearch,requires_new_backend,,,,low,no exact Go mapping or existing shared-backend handoff was detected; manual family review is required
niconico,NicovideoSearchURLIE,NicovideoSearchURL,requires_new_backend,,,,low,no exact Go mapping or existing shared-backend handoff was detected; manual family review is required
niconico,NicovideoTagURLIE,NicovideoTagURL,requires_new_backend,,,,low,no exact Go mapping or existing shared-backend handoff was detected; manual family review is required
niconicochannelplus,NiconicoChannelPlusChannelLivesIE,NiconicoChannelPlusChannelLives,requires_new_backend,,,,low,no exact Go mapping or existing shared-backend handoff was detected; manual family review is required
niconicochannelplus,NiconicoChannelPlusChannelVideosIE,NiconicoChannelPlusChannelVideos,requires_new_backend,,,,low,no exact Go mapping or existing shared-backend handoff was detected; manual family review is required
niconicochannelplus,NiconicoChannelPlusIE,NiconicoChannelPlus,requires_new_backend,,,,low,no exact Go mapping or existing shared-backend handoff was detected; manual family review is required
ninaprotocol,NinaProtocolIE,NinaProtocol,requires_new_backend,,,,low,no exact Go mapping or existing shared-backend handoff was detected; manual family review is required
ninecninemedia,CPTwentyFourIE,CPTwentyFour,requires_new_backend,,,,low,no exact Go mapping or existing shared-backend handoff was detected; manual family review is required
ninecninemedia,NineCNineMediaIE,NineCNineMedia,requires_new_backend,,,,low,no exact Go mapping or existing shared-backend handoff was detected; manual family review is required
ninegag,NineGagIE,NineGag,requires_authentication_or_antibot,,,impersonation,medium,"upstream class contains explicit authentication, password, OAuth, or impersonation behavior"
ninenews,NineNewsIE,NineNews,already_supported,ninenews,brightcove,,high,normalized upstream key exactly matches a registered Go extractor
ninenow,NineNowIE,NineNow,already_supported,ninenow,brightcove,,high,normalized upstream key exactly matches a registered Go extractor
nintendo,NintendoIE,Nintendo,requires_new_backend,,,,low,no exact Go mapping or existing shared-backend handoff was detected; manual family review is required
nitter,NitterIE,Nitter,requires_new_backend,,,,low,no exact Go mapping or existing shared-backend handoff was detected; manual family review is required
nobelprize,NobelPrizeIE,NobelPrize,requires_new_backend,,,,low,no exact Go mapping or existing shared-backend handoff was detected; manual family review is required
noice,NoicePodcastIE,NoicePodcast,requires_new_backend,,,,low,no exact Go mapping or existing shared-backend handoff was detected; manual family review is required
nonktube,NonkTubeIE,NonkTube,requires_new_backend,,,,low,no exact Go mapping or existing shared-backend handoff was detected; manual family review is required
noodlemagazine,NoodleMagazineIE,NoodleMagazine,requires_new_backend,,,,low,no exact Go mapping or existing shared-backend handoff was detected; manual family review is required
nosnl,NOSNLArticleIE,NOSNLArticle,requires_new_backend,,,,low,no exact Go mapping or existing shared-backend handoff was detected; manual family review is required
nova,NovaEmbedIE,NovaEmbed,requires_new_backend,,,,low,no exact Go mapping or existing shared-backend handoff was detected; manual family review is required
nova,NovaIE,Nova,requires_new_backend,,,,low,no exact Go mapping or existing shared-backend handoff was detected; manual family review is required
novaplay,NovaPlayIE,NovaPlay,requires_authentication_or_antibot,,,authentication,medium,"upstream class contains explicit authentication, password, OAuth, or impersonation behavior"
nowcanal,NowCanalIE,NowCanal,already_supported,nowcanal,brightcove,,high,normalized upstream key exactly matches a registered Go extractor
nowness,NownessIE,Nowness,already_supported,nowness,,,high,normalized upstream key exactly matches a registered Go extractor
nowness,NownessPlaylistIE,NownessPlaylist,already_supported,nowness_playlist,,,high,normalized upstream key exactly matches a registered Go extractor
nowness,NownessSeriesIE,NownessSeries,already_supported,nowness_series,,,high,normalized upstream key exactly matches a registered Go extractor
noz,NozIE,Noz,obsolete_or_intentional_deviation,,,,high,upstream class explicitly declares _WORKING = False
npo,AndereTijdenIE,AndereTijden,requires_new_backend,,,,low,no exact Go mapping or existing shared-backend handoff was detected; manual family review is required
npo,HetKlokhuisIE,HetKlokhuis,requires_new_backend,,,,low,no exact Go mapping or existing shared-backend handoff was detected; manual family review is required
npo,NPOIE,NPO,requires_new_backend,,,,low,no exact Go mapping or existing shared-backend handoff was detected; manual family review is required
npo,NPOLiveIE,NPOLive,requires_new_backend,,,,low,no exact Go mapping or existing shared-backend handoff was detected; manual family review is required
npo,NPORadioFragmentIE,NPORadioFragment,requires_new_backend,,,,low,no exact Go mapping or existing shared-backend handoff was detected; manual family review is required
npo,NPORadioIE,NPORadio,requires_new_backend,,,,low,no exact Go mapping or existing shared-backend handoff was detected; manual family review is required
npo,SchoolTVIE,SchoolTV,requires_new_backend,,,,low,no exact Go mapping or existing shared-backend handoff was detected; manual family review is required
npo,VPROIE,VPRO,requires_new_backend,,,,low,no exact Go mapping or existing shared-backend handoff was detected; manual family review is required
npo,WNLIE,WNL,requires_new_backend,,,,low,no exact Go mapping or existing shared-backend handoff was detected; manual family review is required
npr,NprIE,Npr,requires_new_backend,,,,low,no exact Go mapping or existing shared-backend handoff was detected; manual family review is required
nrk,NRKIE,NRK,already_supported,nrk,,,high,normalized upstream key exactly matches a registered Go extractor
nrk,NRKPlaylistIE,NRKPlaylist,partially_supported,,,,medium,"the Go port implements this upstream site family, but no exact extractor-key mapping is proven"
nrk,NRKRadioPodkastIE,NRKRadioPodkast,partially_supported,,,,medium,"the Go port implements this upstream site family, but no exact extractor-key mapping is proven"
nrk,NRKSkoleIE,NRKSkole,partially_supported,,,,medium,"the Go port implements this upstream site family, but no exact extractor-key mapping is proven"
nrk,NRKTVDirekteIE,NRKTVDirekte,partially_supported,,,,medium,"the Go port implements this upstream site family, but no exact extractor-key mapping is proven"
nrk,NRKTVEpisodeIE,NRKTVEpisode,partially_supported,,,,medium,"the Go port implements this upstream site family, but no exact extractor-key mapping is proven"
nrk,NRKTVEpisodesIE,NRKTVEpisodes,partially_supported,,,,medium,"the Go port implements this upstream site family, but no exact extractor-key mapping is proven"
nrk,NRKTVIE,NRKTV,partially_supported,,,,medium,"the Go port implements this upstream site family, but no exact extractor-key mapping is proven"
nrk,NRKTVSeasonIE,NRKTVSeason,partially_supported,,,,medium,"the Go port implements this upstream site family, but no exact extractor-key mapping is proven"
nrk,NRKTVSeriesIE,NRKTVSeries,partially_supported,,,,medium,"the Go port implements this upstream site family, but no exact extractor-key mapping is proven"
nrl,NRLTVIE,NRLTV,obsolete_or_intentional_deviation,,,,high,upstream class explicitly declares _WORKING = False
nts,NTSLiveIE,NTSLive,requires_new_backend,,,,low,no exact Go mapping or existing shared-backend handoff was detected; manual family review is required
ntvcojp,NTVCoJpCUIE,NTVCoJpCU,requires_new_backend,,,,low,no exact Go mapping or existing shared-backend handoff was detected; manual family review is required
ntvde,NTVDeIE,NTVDe,requires_new_backend,,,,low,no exact Go mapping or existing shared-backend handoff was detected; manual family review is required
ntvru,NTVRuIE,NTVRu,requires_new_backend,,,,low,no exact Go mapping or existing shared-backend handoff was detected; manual family review is required
nubilesporn,NubilesPornIE,NubilesPorn,requires_authentication_or_antibot,,,login,medium,"upstream class contains explicit authentication, password, OAuth, or impersonation behavior"
nuvid,NuvidIE,Nuvid,requires_new_backend,,,,low,no exact Go mapping or existing shared-backend handoff was detected; manual family review is required
nytimes,NYTimesArticleIE,NYTimesArticle,requires_authentication_or_antibot,,,impersonation,medium,"upstream class contains explicit authentication, password, OAuth, or impersonation behavior"
nytimes,NYTimesCookingIE,NYTimesCooking,requires_new_backend,,,,low,no exact Go mapping or existing shared-backend handoff was detected; manual family review is required
nytimes,NYTimesCookingRecipeIE,NYTimesCookingRecipe,requires_new_backend,,,,low,no exact Go mapping or existing shared-backend handoff was detected; manual family review is required
nytimes,NYTimesIE,NYTimes,requires_new_backend,,,,low,no exact Go mapping or existing shared-backend handoff was detected; manual family review is required
nzherald,NZHeraldIE,NZHerald,uses_existing_shared_backend,,brightcove,,medium,upstream class references a media backend already implemented in Go
nzonscreen,NZOnScreenIE,NZOnScreen,requires_new_backend,,,,low,no exact Go mapping or existing shared-backend handoff was detected; manual family review is required
nzz,NZZIE,NZZ,requires_new_backend,,,,low,no exact Go mapping or existing shared-backend handoff was detected; manual family review is required
odkmedia,OnDemandChinaEpisodeIE,OnDemandChinaEpisode,requires_authentication_or_antibot,,,authentication,medium,"upstream class contains explicit authentication, password, OAuth, or impersonation behavior"
odnoklassniki,OdnoklassnikiIE,Odnoklassniki,requires_authentication_or_antibot,,,login,medium,"upstream class contains explicit authentication, password, OAuth, or impersonation behavior"
oftv,OfTVIE,OfTV,requires_new_backend,,,,low,no exact Go mapping or existing shared-backend handoff was detected; manual family review is required
oftv,OfTVPlaylistIE,OfTVPlaylist,requires_new_backend,,,,low,no exact Go mapping or existing shared-backend handoff was detected; manual family review is required
oktoberfesttv,OktoberfestTVIE,OktoberfestTV,obsolete_or_intentional_deviation,,,,high,upstream class explicitly declares _WORKING = False
olympics,OlympicsReplayIE,OlympicsReplay,requires_new_backend,,,,low,no exact Go mapping or existing shared-backend handoff was detected; manual family review is required
omnyfm,OmnyfmIE,Omnyfm,requires_new_backend,,,,low,no exact Go mapping or existing shared-backend handoff was detected; manual family review is required
omnyfm,OmnyfmPlaylistIE,OmnyfmPlaylist,requires_new_backend,,,,low,no exact Go mapping or existing shared-backend handoff was detected; manual family review is required
omnyfm,OmnyfmShowIE,OmnyfmShow,requires_new_backend,,,,low,no exact Go mapping or existing shared-backend handoff was detected; manual family review is required
on24,On24IE,On24,requires_new_backend,,,,low,no exact Go mapping or existing shared-backend handoff was detected; manual family review is required
ondemandkorea,OnDemandKoreaIE,OnDemandKorea,requires_new_backend,,,,low,no exact Go mapping or existing shared-backend handoff was detected; manual family review is required
ondemandkorea,OnDemandKoreaProgramIE,OnDemandKoreaProgram,requires_new_backend,,,,low,no exact Go mapping or existing shared-backend handoff was detected; manual family review is required
onefootball,OneFootballIE,OneFootball,already_supported,onefootball,jwplatform,,high,normalized upstream key exactly matches a registered Go extractor
onenewsnz,OneNewsNZIE,OneNewsNZ,uses_existing_shared_backend,,brightcove,,medium,upstream class references a media backend already implemented in Go
oneplace,OnePlacePodcastIE,OnePlacePodcast,requires_new_backend,,,,low,no exact Go mapping or existing shared-backend handoff was detected; manual family review is required
onet,OnetChannelIE,OnetChannel,requires_new_backend,,,,low,no exact Go mapping or existing shared-backend handoff was detected; manual family review is required
onet,OnetIE,Onet,requires_new_backend,,,,low,no exact Go mapping or existing shared-backend handoff was detected; manual family review is required
onet,OnetMVPIE,OnetMVP,requires_new_backend,,,,low,no exact Go mapping or existing shared-backend handoff was detected; manual family review is required
onet,OnetPlIE,OnetPl,requires_new_backend,,,,low,no exact Go mapping or existing shared-backend handoff was detected; manual family review is required
onsen,OnsenIE,Onsen,requires_authentication_or_antibot,,,login,medium,"upstream class contains explicit authentication, password, OAuth, or impersonation behavior"
opencast,OpencastIE,Opencast,requires_new_backend,,,,low,no exact Go mapping or existing shared-backend handoff was detected; manual family review is required
opencast,OpencastPlaylistIE,OpencastPlaylist,requires_new_backend,,,,low,no exact Go mapping or existing shared-backend handoff was detected; manual family review is required
openrec,OpenRecCaptureIE,OpenRecCapture,requires_new_backend,,,,low,no exact Go mapping or existing shared-backend handoff was detected; manual family review is required
openrec,OpenRecChannelIE,OpenRecChannel,requires_new_backend,,,,low,no exact Go mapping or existing shared-backend handoff was detected; manual family review is required
openrec,OpenRecChannelSearchIE,OpenRecChannelSearch,requires_new_backend,,,,low,no exact Go mapping or existing shared-backend handoff was detected; manual family review is required
openrec,OpenRecIE,OpenRec,requires_new_backend,,,,low,no exact Go mapping or existing shared-backend handoff was detected; manual family review is required
openrec,OpenRecMovieIE,OpenRecMovie,requires_new_backend,,,,low,no exact Go mapping or existing shared-backend handoff was detected; manual family review is required
openrec,OpenRecPlaylistIE,OpenRecPlaylist,requires_new_backend,,,,low,no exact Go mapping or existing shared-backend handoff was detected; manual family review is required
orf,ORFFM4StoryIE,ORFFM4Story,requires_new_backend,,,,low,no exact Go mapping or existing shared-backend handoff was detected; manual family review is required
orf,ORFIPTVIE,ORFIPTV,requires_new_backend,,,,low,no exact Go mapping or existing shared-backend handoff was detected; manual family review is required
orf,ORFONIE,ORFON,requires_new_backend,,,,low,no exact Go mapping or existing shared-backend handoff was detected; manual family review is required
orf,ORFPodcastIE,ORFPodcast,requires_new_backend,,,,low,no exact Go mapping or existing shared-backend handoff was detected; manual family review is required
orf,ORFRadioIE,ORFRadio,requires_new_backend,,,,low,no exact Go mapping or existing shared-backend handoff was detected; manual family review is required
outsidetv,OutsideTVIE,OutsideTV,already_supported,outsidetv,jwplatform,,high,normalized upstream key exactly matches a registered Go extractor
owncloud,OwnCloudIE,OwnCloud,requires_authentication_or_antibot,,,password,medium,"upstream class contains explicit authentication, password, OAuth, or impersonation behavior"
packtpub,PacktPubCourseIE,PacktPubCourse,requires_new_backend,,,,low,no exact Go mapping or existing shared-backend handoff was detected; manual family review is required
packtpub,PacktPubIE,PacktPub,requires_authentication_or_antibot,,,authentication;login,medium,"upstream class contains explicit authentication, password, OAuth, or impersonation behavior"
palcomp3,PalcoMP3ArtistIE,PalcoMP3Artist,requires_new_backend,,,,low,no exact Go mapping or existing shared-backend handoff was detected; manual family review is required
palcomp3,PalcoMP3IE,PalcoMP3,requires_new_backend,,,,low,no exact Go mapping or existing shared-backend handoff was detected; manual family review is required
palcomp3,PalcoMP3VideoIE,PalcoMP3Video,requires_new_backend,,,,low,no exact Go mapping or existing shared-backend handoff was detected; manual family review is required
pandatv,PandaTvIE,PandaTv,requires_authentication_or_antibot,,,login,medium,"upstream class contains explicit authentication, password, OAuth, or impersonation behavior"
panopto,PanoptoIE,Panopto,already_supported,panopto,panopto,,high,normalized upstream key exactly matches a registered Go extractor
panopto,PanoptoListIE,PanoptoList,partially_supported,,,,medium,"the Go port implements this upstream site family, but no exact extractor-key mapping is proven"
panopto,PanoptoPlaylistIE,PanoptoPlaylist,already_supported,panopto_playlist,panopto,,high,normalized upstream key exactly matches a registered Go extractor
parler,ParlerIE,Parler,uses_existing_shared_backend,,youtube,,medium,upstream class references a media backend already implemented in Go
parlview,ParlviewIE,Parlview,requires_new_backend,,,,low,no exact Go mapping or existing shared-backend handoff was detected; manual family review is required
parti,PartiLivestreamIE,PartiLivestream,requires_new_backend,,,,low,no exact Go mapping or existing shared-backend handoff was detected; manual family review is required
parti,PartiVideoIE,PartiVideo,requires_new_backend,,,,low,no exact Go mapping or existing shared-backend handoff was detected; manual family review is required
patreon,PatreonCampaignIE,PatreonCampaign,requires_new_backend,,,,low,no exact Go mapping or existing shared-backend handoff was detected; manual family review is required
patreon,PatreonIE,Patreon,uses_existing_shared_backend,,vimeo,,medium,upstream class references a media backend already implemented in Go
pbs,PBSIE,PBS,requires_new_backend,,,,low,no exact Go mapping or existing shared-backend handoff was detected; manual family review is required
pbs,PBSKidsIE,PBSKids,requires_new_backend,,,,low,no exact Go mapping or existing shared-backend handoff was detected; manual family review is required
pearvideo,PearVideoIE,PearVideo,requires_new_backend,,,,low,no exact Go mapping or existing shared-backend handoff was detected; manual family review is required
peekvids,PeekVidsIE,PeekVids,requires_new_backend,,,,low,no exact Go mapping or existing shared-backend handoff was detected; manual family review is required
peekvids,PlayVidsIE,PlayVids,requires_new_backend,,,,low,no exact Go mapping or existing shared-backend handoff was detected; manual family review is required
peertube,PeerTubeIE,PeerTube,already_supported,peertube,,,high,normalized upstream key exactly matches a registered Go extractor
peertube,PeerTubePlaylistIE,PeerTubePlaylist,already_supported,peertube_playlist,,,high,normalized upstream key exactly matches a registered Go extractor
peertv,PeerTVIE,PeerTV,requires_new_backend,,,,low,no exact Go mapping or existing shared-backend handoff was detected; manual family review is required
peloton,PelotonIE,Peloton,requires_authentication_or_antibot,,,login,medium,"upstream class contains explicit authentication, password, OAuth, or impersonation behavior"
peloton,PelotonLiveIE,PelotonLive,requires_new_backend,,,,low,no exact Go mapping or existing shared-backend handoff was detected; manual family review is required
performgroup,PerformGroupIE,PerformGroup,requires_new_backend,,,,low,no exact Go mapping or existing shared-backend handoff was detected; manual family review is required
periscope,PeriscopeIE,Periscope,requires_new_backend,,,,low,no exact Go mapping or existing shared-backend handoff was detected; manual family review is required
periscope,PeriscopeUserIE,PeriscopeUser,requires_new_backend,,,,low,no exact Go mapping or existing shared-backend handoff was detected; manual family review is required
pgatour,PGATourIE,PGATour,already_supported,pgatour,brightcove,,high,normalized upstream key exactly matches a registered Go extractor
philharmoniedeparis,PhilharmonieDeParisIE,PhilharmonieDeParis,requires_new_backend,,,,low,no exact Go mapping or existing shared-backend handoff was detected; manual family review is required
phoenix,PhoenixIE,Phoenix,uses_existing_shared_backend,,youtube,,medium,upstream class references a media backend already implemented in Go
photobucket,PhotobucketIE,Photobucket,requires_new_backend,,,,low,no exact Go mapping or existing shared-backend handoff was detected; manual family review is required
pialive,PiaLiveIE,PiaLive,requires_new_backend,,,,low,no exact Go mapping or existing shared-backend handoff was detected; manual family review is required
piapro,PiaproIE,Piapro,requires_authentication_or_antibot,,,login,medium,"upstream class contains explicit authentication, password, OAuth, or impersonation behavior"
picarto,PicartoIE,Picarto,requires_new_backend,,,,low,no exact Go mapping or existing shared-backend handoff was detected; manual family review is required
picarto,PicartoVodIE,PicartoVod,requires_new_backend,,,,low,no exact Go mapping or existing shared-backend handoff was detected; manual family review is required
piksel,PikselIE,Piksel,requires_new_backend,,,,low,no exact Go mapping or existing shared-backend handoff was detected; manual family review is required
pinkbike,PinkbikeIE,Pinkbike,requires_new_backend,,,,low,no exact Go mapping or existing shared-backend handoff was detected; manual family review is required
pinterest,PinterestCollectionIE,PinterestCollection,requires_new_backend,,,,low,no exact Go mapping or existing shared-backend handoff was detected; manual family review is required
pinterest,PinterestIE,Pinterest,requires_new_backend,,,,low,no exact Go mapping or existing shared-backend handoff was detected; manual family review is required
platzi,PlatziCourseIE,PlatziCourse,requires_new_backend,,,,low,no exact Go mapping or existing shared-backend handoff was detected; manual family review is required
platzi,PlatziIE,Platzi,requires_new_backend,,,,low,no exact Go mapping or existing shared-backend handoff was detected; manual family review is required
playerfm,PlayerFmIE,PlayerFm,requires_new_backend,,,,low,no exact Go mapping or existing shared-backend handoff was detected; manual family review is required
playsuisse,PlaySuisseIE,PlaySuisse,requires_authentication_or_antibot,,,authentication;login,medium,"upstream class contains explicit authentication, password, OAuth, or impersonation behavior"
playtvak,PlaytvakIE,Playtvak,obsolete_or_intentional_deviation,,,,high,upstream class explicitly declares _WORKING = False
pluralsight,PluralsightCourseIE,PluralsightCourse,requires_new_backend,,,,low,no exact Go mapping or existing shared-backend handoff was detected; manual family review is required
pluralsight,PluralsightIE,Pluralsight,requires_authentication_or_antibot,,,login,medium,"upstream class contains explicit authentication, password, OAuth, or impersonation behavior"
plutotv,PlutoTVIE,PlutoTV,obsolete_or_intentional_deviation,,,,high,upstream class explicitly declares _WORKING = False
plyr,PlyrEmbedIE,PlyrEmbed,uses_existing_shared_backend,,vimeo,,medium,upstream class references a media backend already implemented in Go
podbayfm,PodbayFMChannelIE,PodbayFMChannel,requires_new_backend,,,,low,no exact Go mapping or existing shared-backend handoff was detected; manual family review is required
podbayfm,PodbayFMIE,PodbayFM,requires_new_backend,,,,low,no exact Go mapping or existing shared-backend handoff was detected; manual family review is required
podchaser,PodchaserIE,Podchaser,requires_new_backend,,,,low,no exact Go mapping or existing shared-backend handoff was detected; manual family review is required
podomatic,PodomaticIE,Podomatic,obsolete_or_intentional_deviation,,,,high,upstream class explicitly declares _WORKING = False
pokergo,PokerGoCollectionIE,PokerGoCollection,requires_authentication_or_antibot,,,authentication,medium,"upstream class contains explicit authentication, password, OAuth, or impersonation behavior"
pokergo,PokerGoIE,PokerGo,requires_authentication_or_antibot,,,authentication,medium,"upstream class contains explicit authentication, password, OAuth, or impersonation behavior"
polsatgo,PolsatGoIE,PolsatGo,requires_new_backend,,,,low,no exact Go mapping or existing shared-backend handoff was detected; manual family review is required
polskieradio,PolskieRadioAuditionIE,PolskieRadioAudition,requires_new_backend,,,,low,no exact Go mapping or existing shared-backend handoff was detected; manual family review is required
polskieradio,PolskieRadioCategoryIE,PolskieRadioCategory,requires_new_backend,,,,low,no exact Go mapping or existing shared-backend handoff was detected; manual family review is required
polskieradio,PolskieRadioIE,PolskieRadio,requires_new_backend,,,,low,no exact Go mapping or existing shared-backend handoff was detected; manual family review is required
polskieradio,PolskieRadioLegacyIE,PolskieRadioLegacy,requires_new_backend,,,,low,no exact Go mapping or existing shared-backend handoff was detected; manual family review is required
polskieradio,PolskieRadioPlayerIE,PolskieRadioPlayer,requires_new_backend,,,,low,no exact Go mapping or existing shared-backend handoff was detected; manual family review is required
polskieradio,PolskieRadioPodcastIE,PolskieRadioPodcast,requires_new_backend,,,,low,no exact Go mapping or existing shared-backend handoff was detected; manual family review is required
polskieradio,PolskieRadioPodcastListIE,PolskieRadioPodcastList,requires_new_backend,,,,low,no exact Go mapping or existing shared-backend handoff was detected; manual family review is required
popcorntimes,PopcorntimesIE,Popcorntimes,requires_new_backend,,,,low,no exact Go mapping or existing shared-backend handoff was detected; manual family review is required
popcorntv,PopcornTVIE,PopcornTV,requires_new_backend,,,,low,no exact Go mapping or existing shared-backend handoff was detected; manual family review is required
pornbox,PornboxIE,Pornbox,requires_authentication_or_antibot,,,login,medium,"upstream class contains explicit authentication, password, OAuth, or impersonation behavior"
pornflip,PornFlipIE,PornFlip,requires_new_backend,,,,low,no exact Go mapping or existing shared-backend handoff was detected; manual family review is required
pornhub,PornHubIE,PornHub,requires_authentication_or_antibot,,,impersonation,medium,"upstream class contains explicit authentication, password, OAuth, or impersonation behavior"
pornhub,PornHubPagedVideoListIE,PornHubPagedVideoList,requires_new_backend,,,,low,no exact Go mapping or existing shared-backend handoff was detected; manual family review is required
pornhub,PornHubPlaylistIE,PornHubPlaylist,requires_authentication_or_antibot,,,impersonation,medium,"upstream class contains explicit authentication, password, OAuth, or impersonation behavior"
pornhub,PornHubUserIE,PornHubUser,requires_new_backend,,,,low,no exact Go mapping or existing shared-backend handoff was detected; manual family review is required
pornhub,PornHubUserVideosUploadIE,PornHubUserVideosUpload,requires_new_backend,,,,low,no exact Go mapping or existing shared-backend handoff was detected; manual family review is required
pornotube,PornotubeIE,Pornotube,requires_authentication_or_antibot,,,authentication,medium,"upstream class contains explicit authentication, password, OAuth, or impersonation behavior"
pornovoisines,PornoVoisinesIE,PornoVoisines,obsolete_or_intentional_deviation,,,,high,upstream class explicitly declares _WORKING = False
pornoxo,PornoXOIE,PornoXO,obsolete_or_intentional_deviation,,,,high,upstream class explicitly declares _WORKING = False
pr0gramm,Pr0grammIE,Pr0gramm,requires_authentication_or_antibot,,,login,medium,"upstream class contains explicit authentication, password, OAuth, or impersonation behavior"
prankcast,PrankCastIE,PrankCast,requires_new_backend,,,,low,no exact Go mapping or existing shared-backend handoff was detected; manual family review is required
prankcast,PrankCastPostIE,PrankCastPost,requires_new_backend,,,,low,no exact Go mapping or existing shared-backend handoff was detected; manual family review is required
premiershiprugby,PremiershipRugbyIE,PremiershipRugby,requires_new_backend,,,,low,no exact Go mapping or existing shared-backend handoff was detected; manual family review is required
presstv,PressTVIE,PressTV,requires_new_backend,,,,low,no exact Go mapping or existing shared-backend handoff was detected; manual family review is required
projectveritas,ProjectVeritasIE,ProjectVeritas,obsolete_or_intentional_deviation,,,,high,upstream class explicitly declares _WORKING = False
prx,PRXAccountIE,PRXAccount,already_supported,prx_account,,,high,normalized upstream key exactly matches a registered Go extractor
prx,PRXSeriesIE,PRXSeries,already_supported,prx_series,,,high,normalized upstream key exactly matches a registered Go extractor
prx,PRXSeriesSearchIE,PRXSeriesSearch,already_supported,prx_series_search,,,high,"pinned prxseries opaque search key is registered with bounded fixture-backed CMS paging"
prx,PRXStoriesSearchIE,PRXStoriesSearch,already_supported,prx_stories_search,,,high,"pinned prxstories opaque search key is registered with bounded fixture-backed CMS paging"
prx,PRXStoryIE,PRXStory,already_supported,prx_story,,,high,normalized upstream key exactly matches a registered Go extractor
puhutv,PuhuTVIE,PuhuTV,requires_new_backend,,,,low,no exact Go mapping or existing shared-backend handoff was detected; manual family review is required
puhutv,PuhuTVSerieIE,PuhuTVSerie,requires_new_backend,,,,low,no exact Go mapping or existing shared-backend handoff was detected; manual family review is required
pyvideo,PyvideoIE,Pyvideo,requires_new_backend,,,,low,no exact Go mapping or existing shared-backend handoff was detected; manual family review is required
qdance,QDanceIE,QDance,requires_authentication_or_antibot,,,authentication;login,medium,"upstream class contains explicit authentication, password, OAuth, or impersonation behavior"
qingting,QingTingIE,QingTing,requires_new_backend,,,,low,no exact Go mapping or existing shared-backend handoff was detected; manual family review is required
qqmusic,QQMusicAlbumIE,QQMusicAlbum,requires_new_backend,,,,low,no exact Go mapping or existing shared-backend handoff was detected; manual family review is required
qqmusic,QQMusicIE,QQMusic,requires_authentication_or_antibot,,,login,medium,"upstream class contains explicit authentication, password, OAuth, or impersonation behavior"
qqmusic,QQMusicPlaylistIE,QQMusicPlaylist,requires_new_backend,,,,low,no exact Go mapping or existing shared-backend handoff was detected; manual family review is required
qqmusic,QQMusicSingerIE,QQMusicSinger,requires_new_backend,,,,low,no exact Go mapping or existing shared-backend handoff was detected; manual family review is required
qqmusic,QQMusicToplistIE,QQMusicToplist,requires_new_backend,,,,low,no exact Go mapping or existing shared-backend handoff was detected; manual family review is required
qqmusic,QQMusicVideoIE,QQMusicVideo,requires_new_backend,,,,low,no exact Go mapping or existing shared-backend handoff was detected; manual family review is required
r7,R7ArticleIE,R7Article,obsolete_or_intentional_deviation,,,,high,upstream class explicitly declares _WORKING = False
r7,R7IE,R7,obsolete_or_intentional_deviation,,,,high,upstream class explicitly declares _WORKING = False
radiko,RadikoIE,Radiko,requires_new_backend,,,,low,no exact Go mapping or existing shared-backend handoff was detected; manual family review is required
radiko,RadikoRadioIE,RadikoRadio,requires_new_backend,,,,low,no exact Go mapping or existing shared-backend handoff was detected; manual family review is required
radiocanada,RadioCanadaAudioVideoIE,RadioCanadaAudioVideo,requires_new_backend,,,,low,no exact Go mapping or existing shared-backend handoff was detected; manual family review is required
radiocanada,RadioCanadaIE,RadioCanada,requires_authentication_or_antibot,,,login,medium,"upstream class contains explicit authentication, password, OAuth, or impersonation behavior"
radiode,RadioDeIE,RadioDe,obsolete_or_intentional_deviation,,,,high,upstream class explicitly declares _WORKING = False
radiofrance,FranceCultureIE,FranceCulture,requires_new_backend,,,,low,no exact Go mapping or existing shared-backend handoff was detected; manual family review is required
radiofrance,RadioFranceIE,RadioFrance,requires_new_backend,,,,low,no exact Go mapping or existing shared-backend handoff was detected; manual family review is required
radiofrance,RadioFranceLiveIE,RadioFranceLive,requires_new_backend,,,,low,no exact Go mapping or existing shared-backend handoff was detected; manual family review is required
radiofrance,RadioFrancePodcastIE,RadioFrancePodcast,requires_new_backend,,,,low,no exact Go mapping or existing shared-backend handoff was detected; manual family review is required
radiofrance,RadioFranceProfileIE,RadioFranceProfile,requires_new_backend,,,,low,no exact Go mapping or existing shared-backend handoff was detected; manual family review is required
radiofrance,RadioFranceProgramScheduleIE,RadioFranceProgramSchedule,requires_new_backend,,,,low,no exact Go mapping or existing shared-backend handoff was detected; manual family review is required
radiojavan,RadioJavanIE,RadioJavan,obsolete_or_intentional_deviation,,,,high,upstream class explicitly declares _WORKING = False
radiokapital,RadioKapitalIE,RadioKapital,requires_new_backend,,,,low,no exact Go mapping or existing shared-backend handoff was detected; manual family review is required
radiokapital,RadioKapitalShowIE,RadioKapitalShow,requires_new_backend,,,,low,no exact Go mapping or existing shared-backend handoff was detected; manual family review is required
radioradicale,RadioRadicaleIE,RadioRadicale,requires_new_backend,,,,low,no exact Go mapping or existing shared-backend handoff was detected; manual family review is required
radiozet,RadioZetPodcastIE,RadioZetPodcast,requires_new_backend,,,,low,no exact Go mapping or existing shared-backend handoff was detected; manual family review is required
radlive,RadLiveChannelIE,RadLiveChannel,requires_new_backend,,,,low,no exact Go mapping or existing shared-backend handoff was detected; manual family review is required
radlive,RadLiveIE,RadLive,requires_new_backend,,,,low,no exact Go mapping or existing shared-backend handoff was detected; manual family review is required
radlive,RadLiveSeasonIE,RadLiveSeason,requires_new_backend,,,,low,no exact Go mapping or existing shared-backend handoff was detected; manual family review is required
rai,RaiCulturaIE,RaiCultura,already_supported,raicultura,,,high,normalized upstream key exactly matches a registered Go extractor
rai,RaiIE,Rai,already_supported,rai,,,high,normalized upstream key exactly matches a registered Go extractor
rai,RaiNewsIE,RaiNews,already_supported,rainews,,,high,normalized upstream key exactly matches a registered Go extractor
rai,RaiPlayIE,RaiPlay,already_supported,raiplay,,,high,normalized upstream key exactly matches a registered Go extractor
rai,RaiPlayLiveIE,RaiPlayLive,already_supported,raiplay_live,,,high,normalized upstream key exactly matches a registered Go extractor
rai,RaiPlayPlaylistIE,RaiPlayPlaylist,already_supported,raiplay_playlist,,,high,normalized upstream key exactly matches a registered Go extractor
rai,RaiPlaySoundIE,RaiPlaySound,already_supported,raiplaysound,,,high,normalized upstream key exactly matches a registered Go extractor
rai,RaiPlaySoundLiveIE,RaiPlaySoundLive,already_supported,raiplaysound_live,,,high,normalized upstream key exactly matches a registered Go extractor
rai,RaiPlaySoundPlaylistIE,RaiPlaySoundPlaylist,already_supported,raiplaysound_playlist,,,high,normalized upstream key exactly matches a registered Go extractor
rai,RaiSudtirolIE,RaiSudtirol,already_supported,raisudtirol,,,high,normalized upstream key exactly matches a registered Go extractor
raywenderlich,RayWenderlichCourseIE,RayWenderlichCourse,requires_new_backend,,,,low,no exact Go mapping or existing shared-backend handoff was detected; manual family review is required
raywenderlich,RayWenderlichIE,RayWenderlich,uses_existing_shared_backend,,vimeo,,medium,upstream class references a media backend already implemented in Go
rbgtum,RbgTumCourseIE,RbgTumCourse,requires_new_backend,,,,low,no exact Go mapping or existing shared-backend handoff was detected; manual family review is required
rbgtum,RbgTumIE,RbgTum,requires_new_backend,,,,low,no exact Go mapping or existing shared-backend handoff was detected; manual family review is required
rbgtum,RbgTumNewCourseIE,RbgTumNewCourse,requires_new_backend,,,,low,no exact Go mapping or existing shared-backend handoff was detected; manual family review is required
rcs,RCSEmbedsIE,RCSEmbeds,requires_new_backend,,,,low,no exact Go mapping or existing shared-backend handoff was detected; manual family review is required
rcs,RCSIE,RCS,requires_new_backend,,,,low,no exact Go mapping or existing shared-backend handoff was detected; manual family review is required
rcs,RCSVariousIE,RCSVarious,requires_new_backend,,,,low,no exact Go mapping or existing shared-backend handoff was detected; manual family review is required
rcti,RCTIPlusIE,RCTIPlus,requires_new_backend,,,,low,no exact Go mapping or existing shared-backend handoff was detected; manual family review is required
rcti,RCTIPlusSeriesIE,RCTIPlusSeries,requires_new_backend,,,,low,no exact Go mapping or existing shared-backend handoff was detected; manual family review is required
rcti,RCTIPlusTVIE,RCTIPlusTV,requires_new_backend,,,,low,no exact Go mapping or existing shared-backend handoff was detected; manual family review is required
rds,RDSIE,RDS,obsolete_or_intentional_deviation,,,,high,upstream class explicitly declares _WORKING = False
redbee,ParliamentLiveUKIE,ParliamentLiveUK,requires_new_backend,,,,low,no exact Go mapping or existing shared-backend handoff was detected; manual family review is required
redbee,RTBFIE,RTBF,obsolete_or_intentional_deviation,,,login,high,upstream class explicitly declares _WORKING = False
redbulltv,RedBullEmbedIE,RedBullEmbed,requires_new_backend,,,,low,no exact Go mapping or existing shared-backend handoff was detected; manual family review is required
redbulltv,RedBullIE,RedBull,requires_new_backend,,,,low,no exact Go mapping or existing shared-backend handoff was detected; manual family review is required
redbulltv,RedBullTVIE,RedBullTV,requires_authentication_or_antibot,,,authentication,medium,"upstream class contains explicit authentication, password, OAuth, or impersonation behavior"
redbulltv,RedBullTVRrnContentIE,RedBullTVRrnContent,requires_new_backend,,,,low,no exact Go mapping or existing shared-backend handoff was detected; manual family review is required
reddit,RedditIE,Reddit,already_supported,reddit,,impersonation;login,high,normalized upstream key exactly matches a registered Go extractor
redgifs,RedGifsIE,RedGifs,requires_new_backend,,,,low,no exact Go mapping or existing shared-backend handoff was detected; manual family review is required
redgifs,RedGifsSearchIE,RedGifsSearch,requires_new_backend,,,,low,no exact Go mapping or existing shared-backend handoff was detected; manual family review is required
redgifs,RedGifsUserIE,RedGifsUser,requires_new_backend,,,,low,no exact Go mapping or existing shared-backend handoff was detected; manual family review is required
redtube,RedTubeIE,RedTube,requires_new_backend,,,,low,no exact Go mapping or existing shared-backend handoff was detected; manual family review is required
rentv,RENTVArticleIE,RENTVArticle,obsolete_or_intentional_deviation,,,,high,upstream class explicitly declares _WORKING = False
rentv,RENTVIE,RENTV,obsolete_or_intentional_deviation,,,,high,upstream class explicitly declares _WORKING = False
restudy,RestudyIE,Restudy,obsolete_or_intentional_deviation,,,,high,upstream class explicitly declares _WORKING = False
reuters,ReutersIE,Reuters,obsolete_or_intentional_deviation,,,,high,upstream class explicitly declares _WORKING = False
reverbnation,ReverbNationIE,ReverbNation,requires_new_backend,,,,low,no exact Go mapping or existing shared-backend handoff was detected; manual family review is required
ridehome,RideHomeIE,RideHome,requires_new_backend,,,,low,no exact Go mapping or existing shared-backend handoff was detected; manual family review is required
rinsefm,RinseFMArtistPlaylistIE,RinseFMArtistPlaylist,requires_new_backend,,,,low,no exact Go mapping or existing shared-backend handoff was detected; manual family review is required
rinsefm,RinseFMIE,RinseFM,requires_new_backend,,,,low,no exact Go mapping or existing shared-backend handoff was detected; manual family review is required
rockstargames,RockstarGamesIE,RockstarGames,obsolete_or_intentional_deviation,,,,high,upstream class explicitly declares _WORKING = False
rokfin,RokfinChannelIE,RokfinChannel,requires_new_backend,,,,low,no exact Go mapping or existing shared-backend handoff was detected; manual family review is required
rokfin,RokfinIE,Rokfin,requires_authentication_or_antibot,,,authentication;login,medium,"upstream class contains explicit authentication, password, OAuth, or impersonation behavior"
rokfin,RokfinSearchIE,RokfinSearch,requires_authentication_or_antibot,,,authentication,medium,"upstream class contains explicit authentication, password, OAuth, or impersonation behavior"
rokfin,RokfinStackIE,RokfinStack,requires_new_backend,,,,low,no exact Go mapping or existing shared-backend handoff was detected; manual family review is required
roosterteeth,RoosterTeethIE,RoosterTeeth,requires_authentication_or_antibot,,brightcove,login,medium,"upstream class contains explicit authentication, password, OAuth, or impersonation behavior"
roosterteeth,RoosterTeethSeriesIE,RoosterTeethSeries,requires_new_backend,,,,low,no exact Go mapping or existing shared-backend handoff was detected; manual family review is required
rottentomatoes,RottenTomatoesIE,RottenTomatoes,requires_new_backend,,,,low,no exact Go mapping or existing shared-backend handoff was detected; manual family review is required
roya,RoyaLiveIE,RoyaLive,requires_new_backend,,,,low,no exact Go mapping or existing shared-backend handoff was detected; manual family review is required
rozhlas,MujRozhlasIE,MujRozhlas,requires_new_backend,,,,low,no exact Go mapping or existing shared-backend handoff was detected; manual family review is required
rozhlas,RozhlasIE,Rozhlas,requires_new_backend,,,,low,no exact Go mapping or existing shared-backend handoff was detected; manual family review is required
rozhlas,RozhlasVltavaIE,RozhlasVltava,requires_new_backend,,,,low,no exact Go mapping or existing shared-backend handoff was detected; manual family review is required
rte,RteIE,Rte,requires_new_backend,,,,low,no exact Go mapping or existing shared-backend handoff was detected; manual family review is required
rte,RteRadioIE,RteRadio,requires_new_backend,,,,low,no exact Go mapping or existing shared-backend handoff was detected; manual family review is required
rtl2,RTL2IE,RTL2,obsolete_or_intentional_deviation,,,,high,upstream class explicitly declares _WORKING = False
rtlnl,RTLLuArticleIE,RTLLuArticle,requires_new_backend,,,,low,no exact Go mapping or existing shared-backend handoff was detected; manual family review is required
rtlnl,RTLLuLiveIE,RTLLuLive,requires_new_backend,,,,low,no exact Go mapping or existing shared-backend handoff was detected; manual family review is required
rtlnl,RTLLuRadioIE,RTLLuRadio,requires_new_backend,,,,low,no exact Go mapping or existing shared-backend handoff was detected; manual family review is required
rtlnl,RTLLuTeleVODIE,RTLLuTeleVOD,requires_new_backend,,,,low,no exact Go mapping or existing shared-backend handoff was detected; manual family review is required
rtlnl,RtlNlIE,RtlNl,requires_new_backend,,,,low,no exact Go mapping or existing shared-backend handoff was detected; manual family review is required
rtnews,RTDocumentryIE,RTDocumentry,requires_new_backend,,,,low,no exact Go mapping or existing shared-backend handoff was detected; manual family review is required
rtnews,RTDocumentryPlaylistIE,RTDocumentryPlaylist,requires_new_backend,,,,low,no exact Go mapping or existing shared-backend handoff was detected; manual family review is required
rtnews,RTNewsIE,RTNews,requires_new_backend,,,,low,no exact Go mapping or existing shared-backend handoff was detected; manual family review is required
rtnews,RuptlyIE,Ruptly,requires_new_backend,,,,low,no exact Go mapping or existing shared-backend handoff was detected; manual family review is required
rtp,RTPIE,RTP,requires_authentication_or_antibot,,,authentication,medium,"upstream class contains explicit authentication, password, OAuth, or impersonation behavior"
rtrfm,RTRFMIE,RTRFM,requires_new_backend,,,,low,no exact Go mapping or existing shared-backend handoff was detected; manual family review is required
rts,RTSIE,RTS,obsolete_or_intentional_deviation,,,,high,upstream class explicitly declares _WORKING = False
rtvcplay,RTVCKalturaIE,RTVCKaltura,uses_existing_shared_backend,,kaltura,,medium,upstream class references a media backend already implemented in Go
rtvcplay,RTVCPlayEmbedIE,RTVCPlayEmbed,requires_new_backend,,,,low,no exact Go mapping or existing shared-backend handoff was detected; manual family review is required
rtvcplay,RTVCPlayIE,RTVCPlay,requires_new_backend,,,,low,no exact Go mapping or existing shared-backend handoff was detected; manual family review is required
rtve,RTVEALaCartaIE,RTVEALaCarta,requires_new_backend,,,,low,no exact Go mapping or existing shared-backend handoff was detected; manual family review is required
rtve,RTVEAudioIE,RTVEAudio,requires_new_backend,,,,low,no exact Go mapping or existing shared-backend handoff was detected; manual family review is required
rtve,RTVELiveIE,RTVELive,requires_new_backend,,,,low,no exact Go mapping or existing shared-backend handoff was detected; manual family review is required
rtve,RTVEProgramIE,RTVEProgram,requires_new_backend,,,,low,no exact Go mapping or existing shared-backend handoff was detected; manual family review is required
rtve,RTVETelevisionIE,RTVETelevision,requires_new_backend,,,,low,no exact Go mapping or existing shared-backend handoff was detected; manual family review is required
rtvs,RTVSIE,RTVS,requires_new_backend,,,,low,no exact Go mapping or existing shared-backend handoff was detected; manual family review is required
rtvslo,RTVSLOIE,RTVSLO,requires_new_backend,,,,low,no exact Go mapping or existing shared-backend handoff was detected; manual family review is required
rtvslo,RTVSLOShowIE,RTVSLOShow,requires_new_backend,,,,low,no exact Go mapping or existing shared-backend handoff was detected; manual family review is required
rudovideo,RudoVideoIE,RudoVideo,requires_authentication_or_antibot,,,authentication,medium,"upstream class contains explicit authentication, password, OAuth, or impersonation behavior"
rule34video,Rule34VideoIE,Rule34Video,requires_new_backend,,,,low,no exact Go mapping or existing shared-backend handoff was detected; manual family review is required
rumble,RumbleChannelIE,RumbleChannel,partially_supported,,,,medium,"the Go port implements this upstream site family, but no exact extractor-key mapping is proven"
rumble,RumbleEmbedIE,RumbleEmbed,partially_supported,,,,medium,"the Go port implements this upstream site family, but no exact extractor-key mapping is proven"
rumble,RumbleIE,Rumble,already_supported,rumble,,,high,normalized upstream key exactly matches a registered Go extractor
rutube,RutubeChannelIE,RutubeChannel,requires_new_backend,,,,low,no exact Go mapping or existing shared-backend handoff was detected; manual family review is required
rutube,RutubeEmbedIE,RutubeEmbed,requires_new_backend,,,,low,no exact Go mapping or existing shared-backend handoff was detected; manual family review is required
rutube,RutubeIE,Rutube,requires_new_backend,,,,low,no exact Go mapping or existing shared-backend handoff was detected; manual family review is required
rutube,RutubeMovieIE,RutubeMovie,requires_new_backend,,,,low,no exact Go mapping or existing shared-backend handoff was detected; manual family review is required
rutube,RutubePersonIE,RutubePerson,requires_new_backend,,,,low,no exact Go mapping or existing shared-backend handoff was detected; manual family review is required
rutube,RutubePlaylistIE,RutubePlaylist,requires_new_backend,,,,low,no exact Go mapping or existing shared-backend handoff was detected; manual family review is required
rutube,RutubeTagsIE,RutubeTags,requires_new_backend,,,,low,no exact Go mapping or existing shared-backend handoff was detected; manual family review is required
ruutu,RuutuIE,Ruutu,obsolete_or_intentional_deviation,,,,high,upstream class explicitly declares _WORKING = False
ruv,RuvIE,Ruv,requires_new_backend,,,,low,no exact Go mapping or existing shared-backend handoff was detected; manual family review is required
ruv,RuvSpilaIE,RuvSpila,requires_new_backend,,,,low,no exact Go mapping or existing shared-backend handoff was detected; manual family review is required
s4c,S4CIE,S4C,requires_new_backend,,,,low,no exact Go mapping or existing shared-backend handoff was detected; manual family review is required
s4c,S4CSeriesIE,S4CSeries,requires_new_backend,,,,low,no exact Go mapping or existing shared-backend handoff was detected; manual family review is required
safari,SafariApiIE,SafariApi,requires_new_backend,,,,low,no exact Go mapping or existing shared-backend handoff was detected; manual family review is required
safari,SafariCourseIE,SafariCourse,requires_new_backend,,,,low,no exact Go mapping or existing shared-backend handoff was detected; manual family review is required
safari,SafariIE,Safari,requires_new_backend,,,,low,no exact Go mapping or existing shared-backend handoff was detected; manual family review is required
saitosan,SaitosanIE,Saitosan,obsolete_or_intentional_deviation,,,,high,upstream class explicitly declares _WORKING = False
samplefocus,SampleFocusIE,SampleFocus,requires_authentication_or_antibot,,,impersonation,medium,"upstream class contains explicit authentication, password, OAuth, or impersonation behavior"
sapo,SapoIE,Sapo,requires_new_backend,,,,low,no exact Go mapping or existing shared-backend handoff was detected; manual family review is required
sauceplus,SaucePlusChannelIE,SaucePlusChannel,requires_new_backend,,,,low,no exact Go mapping or existing shared-backend handoff was detected; manual family review is required
sauceplus,SaucePlusIE,SaucePlus,requires_authentication_or_antibot,,,login,medium,"upstream class contains explicit authentication, password, OAuth, or impersonation behavior"
sbs,SBSIE,SBS,requires_new_backend,,,,low,no exact Go mapping or existing shared-backend handoff was detected; manual family review is required
sbscokr,SBSCoKrAllvodProgramIE,SBSCoKrAllvodProgram,requires_new_backend,,,,low,no exact Go mapping or existing shared-backend handoff was detected; manual family review is required
sbscokr,SBSCoKrIE,SBSCoKr,requires_new_backend,,,,low,no exact Go mapping or existing shared-backend handoff was detected; manual family review is required
sbscokr,SBSCoKrProgramsVodIE,SBSCoKrProgramsVod,requires_new_backend,,,,low,no exact Go mapping or existing shared-backend handoff was detected; manual family review is required
screen9,Screen9IE,Screen9,requires_new_backend,,,,low,no exact Go mapping or existing shared-backend handoff was detected; manual family review is required
screencast,ScreencastIE,Screencast,requires_new_backend,,,,low,no exact Go mapping or existing shared-backend handoff was detected; manual family review is required
screencastify,ScreencastifyIE,Screencastify,requires_new_backend,,,,low,no exact Go mapping or existing shared-backend handoff was detected; manual family review is required
screencastomatic,ScreencastOMaticIE,ScreencastOMatic,requires_new_backend,,,,low,no exact Go mapping or existing shared-backend handoff was detected; manual family review is required
screenrec,ScreenRecIE,ScreenRec,requires_new_backend,,,,low,no exact Go mapping or existing shared-backend handoff was detected; manual family review is required
scrippsnetworks,ScrippsNetworksIE,ScrippsNetworks,requires_new_backend,,,,low,no exact Go mapping or existing shared-backend handoff was detected; manual family review is required
scrippsnetworks,ScrippsNetworksWatchIE,ScrippsNetworksWatch,uses_existing_shared_backend,,anvato,,medium,upstream class references a media backend already implemented in Go
scrolller,ScrolllerIE,Scrolller,requires_new_backend,,,,low,no exact Go mapping or existing shared-backend handoff was detected; manual family review is required
sejmpl,SejmIE,Sejm,obsolete_or_intentional_deviation,,,,high,upstream class explicitly declares _WORKING = False
sen,SenIE,Sen,requires_new_backend,,,,low,no exact Go mapping or existing shared-backend handoff was detected; manual family review is required
senalcolombia,SenalColombiaLiveIE,SenalColombiaLive,obsolete_or_intentional_deviation,,kaltura,,high,upstream class explicitly declares _WORKING = False
senategov,SenateGovIE,SenateGov,requires_authentication_or_antibot,,,authentication,medium,"upstream class contains explicit authentication, password, OAuth, or impersonation behavior"
senategov,SenateISVPIE,SenateISVP,requires_new_backend,,,,low,no exact Go mapping or existing shared-backend handoff was detected; manual family review is required
servus,ServusIE,Servus,requires_new_backend,,,,low,no exact Go mapping or existing shared-backend handoff was detected; manual family review is required
sevenplus,SevenPlusIE,SevenPlus,requires_authentication_or_antibot,,,authentication,medium,"upstream class contains explicit authentication, password, OAuth, or impersonation behavior"
sexu,SexuIE,Sexu,obsolete_or_intentional_deviation,,,,high,upstream class explicitly declares _WORKING = False
seznamzpravy,SeznamZpravyArticleIE,SeznamZpravyArticle,requires_new_backend,,,,low,no exact Go mapping or existing shared-backend handoff was detected; manual family review is required
seznamzpravy,SeznamZpravyIE,SeznamZpravy,requires_new_backend,,,,low,no exact Go mapping or existing shared-backend handoff was detected; manual family review is required
shahid,ShahidIE,Shahid,requires_authentication_or_antibot,,,login,medium,"upstream class contains explicit authentication, password, OAuth, or impersonation behavior"
shahid,ShahidShowIE,ShahidShow,requires_new_backend,,,,low,no exact Go mapping or existing shared-backend handoff was detected; manual family review is required
sharepoint,SharePointIE,SharePoint,requires_authentication_or_antibot,,,login,medium,"upstream class contains explicit authentication, password, OAuth, or impersonation behavior"
shemaroome,ShemarooMeIE,ShemarooMe,requires_new_backend,,,,low,no exact Go mapping or existing shared-backend handoff was detected; manual family review is required
shiey,ShieyIE,Shiey,uses_existing_shared_backend,,vimeo,,medium,upstream class references a media backend already implemented in Go
showroomlive,ShowRoomLiveIE,ShowRoomLive,requires_authentication_or_antibot,,,login,medium,"upstream class contains explicit authentication, password, OAuth, or impersonation behavior"
showroomlive,ShowRoomVodIE,ShowRoomVod,requires_new_backend,,,,low,no exact Go mapping or existing shared-backend handoff was detected; manual family review is required
sibnet,SibnetEmbedIE,SibnetEmbed,requires_new_backend,,,,low,no exact Go mapping or existing shared-backend handoff was detected; manual family review is required
simplecast,SimplecastEpisodeIE,SimplecastEpisode,already_supported,simplecast_episode,,,high,normalized upstream key exactly matches a registered Go extractor
simplecast,SimplecastIE,Simplecast,already_supported,simplecast,,,high,normalized upstream key exactly matches a registered Go extractor
simplecast,SimplecastPodcastIE,SimplecastPodcast,already_supported,simplecast_podcast,,,high,normalized upstream key exactly matches a registered Go extractor
sina,SinaIE,Sina,requires_new_backend,,,,low,no exact Go mapping or existing shared-backend handoff was detected; manual family review is required
skeb,SkebIE,Skeb,requires_authentication_or_antibot,,,authentication,medium,"upstream class contains explicit authentication, password, OAuth, or impersonation behavior"
sky,SkyNewsIE,SkyNews,requires_new_backend,,,,low,no exact Go mapping or existing shared-backend handoff was detected; manual family review is required
sky,SkyNewsStoryIE,SkyNewsStory,requires_new_backend,,,,low,no exact Go mapping or existing shared-backend handoff was detected; manual family review is required
sky,SkySportsIE,SkySports,requires_new_backend,,,,low,no exact Go mapping or existing shared-backend handoff was detected; manual family review is required
sky,SkySportsNewsIE,SkySportsNews,requires_new_backend,,,,low,no exact Go mapping or existing shared-backend handoff was detected; manual family review is required
skyit,CieloTVItIE,CieloTVIt,requires_new_backend,,,,low,no exact Go mapping or existing shared-backend handoff was detected; manual family review is required
skyit,SkyItArteIE,SkyItArte,requires_new_backend,,,,low,no exact Go mapping or existing shared-backend handoff was detected; manual family review is required
skyit,SkyItIE,SkyIt,requires_new_backend,,,,low,no exact Go mapping or existing shared-backend handoff was detected; manual family review is required
skyit,SkyItPlayerIE,SkyItPlayer,requires_new_backend,,,,low,no exact Go mapping or existing shared-backend handoff was detected; manual family review is required
skyit,SkyItVideoIE,SkyItVideo,requires_new_backend,,,,low,no exact Go mapping or existing shared-backend handoff was detected; manual family review is required
skyit,SkyItVideoLiveIE,SkyItVideoLive,requires_new_backend,,,,low,no exact Go mapping or existing shared-backend handoff was detected; manual family review is required
skyit,TV8ItIE,TV8It,requires_new_backend,,,,low,no exact Go mapping or existing shared-backend handoff was detected; manual family review is required
skyit,TV8ItLiveIE,TV8ItLive,requires_new_backend,,,,low,no exact Go mapping or existing shared-backend handoff was detected; manual family review is required
skyit,TV8ItPlaylistIE,TV8ItPlaylist,requires_new_backend,,,,low,no exact Go mapping or existing shared-backend handoff was detected; manual family review is required
skylinewebcams,SkylineWebcamsIE,SkylineWebcams,obsolete_or_intentional_deviation,,,,high,upstream class explicitly declares _WORKING = False
skynewsarabia,SkyNewsArabiaArticleIE,SkyNewsArabiaArticle,obsolete_or_intentional_deviation,,,,high,upstream class explicitly declares _WORKING = False
skynewsarabia,SkyNewsArabiaIE,SkyNewsArabia,obsolete_or_intentional_deviation,,,,high,upstream class explicitly declares _WORKING = False
skynewsau,SkyNewsAUIE,SkyNewsAU,already_supported,skynewsau,brightcove,,high,normalized upstream key exactly matches a registered Go extractor
slideshare,SlideshareIE,Slideshare,requires_new_backend,,,,low,no exact Go mapping or existing shared-backend handoff was detected; manual family review is required
slideslive,SlidesLiveIE,SlidesLive,requires_new_backend,,,,low,no exact Go mapping or existing shared-backend handoff was detected; manual family review is required
slutload,SlutloadIE,Slutload,requires_new_backend,,,,low,no exact Go mapping or existing shared-backend handoff was detected; manual family review is required
smotrim,SmotrimAudioIE,SmotrimAudio,requires_new_backend,,,,low,no exact Go mapping or existing shared-backend handoff was detected; manual family review is required
smotrim,SmotrimIE,Smotrim,requires_new_backend,,,,low,no exact Go mapping or existing shared-backend handoff was detected; manual family review is required
smotrim,SmotrimLiveIE,SmotrimLive,requires_new_backend,,,,low,no exact Go mapping or existing shared-backend handoff was detected; manual family review is required
smotrim,SmotrimPlaylistIE,SmotrimPlaylist,requires_new_backend,,,,low,no exact Go mapping or existing shared-backend handoff was detected; manual family review is required
snapchat,SnapchatSpotlightIE,SnapchatSpotlight,requires_new_backend,,,,low,no exact Go mapping or existing shared-backend handoff was detected; manual family review is required
softwhiteunderbelly,SoftWhiteUnderbellyIE,SoftWhiteUnderbelly,requires_authentication_or_antibot,,,login,medium,"upstream class contains explicit authentication, password, OAuth, or impersonation behavior"
sohu,SohuIE,Sohu,requires_new_backend,,,,low,no exact Go mapping or existing shared-backend handoff was detected; manual family review is required
sohu,SohuVIE,SohuV,requires_new_backend,,,,low,no exact Go mapping or existing shared-backend handoff was detected; manual family review is required
sonyliv,SonyLIVIE,SonyLIV,requires_authentication_or_antibot,,,authentication;login,medium,"upstream class contains explicit authentication, password, OAuth, or impersonation behavior"
sonyliv,SonyLIVSeriesIE,SonyLIVSeries,requires_new_backend,,,,low,no exact Go mapping or existing shared-backend handoff was detected; manual family review is required
soundcloud,SoundcloudEmbedIE,SoundcloudEmbed,already_supported,soundcloud_embed,,,high,normalized upstream key exactly matches a registered Go extractor
soundcloud,SoundcloudIE,Soundcloud,already_supported,soundcloud,,,high,normalized upstream key exactly matches a registered Go extractor
soundcloud,SoundcloudPlaylistIE,SoundcloudPlaylist,partially_supported,,,,medium,"the Go port implements this upstream site family, but no exact extractor-key mapping is proven"
soundcloud,SoundcloudRelatedIE,SoundcloudRelated,partially_supported,,,,medium,"the Go port implements this upstream site family, but no exact extractor-key mapping is proven"
soundcloud,SoundcloudSearchIE,SoundcloudSearch,already_supported,soundcloud_search,,,high,normalized upstream key exactly matches a registered Go extractor
soundcloud,SoundcloudSetIE,SoundcloudSet,partially_supported,,,,medium,"the Go port implements this upstream site family, but no exact extractor-key mapping is proven"
soundcloud,SoundcloudTrackStationIE,SoundcloudTrackStation,partially_supported,,,,medium,"the Go port implements this upstream site family, but no exact extractor-key mapping is proven"
soundcloud,SoundcloudUserIE,SoundcloudUser,partially_supported,,,,medium,"the Go port implements this upstream site family, but no exact extractor-key mapping is proven"
soundcloud,SoundcloudUserPermalinkIE,SoundcloudUserPermalink,partially_supported,,,,medium,"the Go port implements this upstream site family, but no exact extractor-key mapping is proven"
soundgasm,SoundgasmIE,Soundgasm,requires_new_backend,,,,low,no exact Go mapping or existing shared-backend handoff was detected; manual family review is required
soundgasm,SoundgasmProfileIE,SoundgasmProfile,requires_new_backend,,,,low,no exact Go mapping or existing shared-backend handoff was detected; manual family review is required
southpark,SouthParkCoUkIE,SouthParkCoUk,requires_new_backend,,,,low,no exact Go mapping or existing shared-backend handoff was detected; manual family review is required
southpark,SouthParkComBrIE,SouthParkComBr,requires_new_backend,,,,low,no exact Go mapping or existing shared-backend handoff was detected; manual family review is required
southpark,SouthParkDeIE,SouthParkDe,requires_new_backend,,,,low,no exact Go mapping or existing shared-backend handoff was detected; manual family review is required
southpark,SouthParkDkIE,SouthParkDk,requires_new_backend,,,,low,no exact Go mapping or existing shared-backend handoff was detected; manual family review is required
southpark,SouthParkEsIE,SouthParkEs,requires_new_backend,,,,low,no exact Go mapping or existing shared-backend handoff was detected; manual family review is required
southpark,SouthParkIE,SouthPark,requires_new_backend,,,,low,no exact Go mapping or existing shared-backend handoff was detected; manual family review is required
southpark,SouthParkLatIE,SouthParkLat,requires_new_backend,,,,low,no exact Go mapping or existing shared-backend handoff was detected; manual family review is required
sovietscloset,SovietsClosetIE,SovietsCloset,requires_new_backend,,,,low,no exact Go mapping or existing shared-backend handoff was detected; manual family review is required
sovietscloset,SovietsClosetPlaylistIE,SovietsClosetPlaylist,requires_new_backend,,,,low,no exact Go mapping or existing shared-backend handoff was detected; manual family review is required
spankbang,SpankBangIE,SpankBang,requires_authentication_or_antibot,,,impersonation,medium,"upstream class contains explicit authentication, password, OAuth, or impersonation behavior"
spankbang,SpankBangPlaylistIE,SpankBangPlaylist,requires_authentication_or_antibot,,,impersonation,medium,"upstream class contains explicit authentication, password, OAuth, or impersonation behavior"
spiegel,SpiegelIE,Spiegel,already_supported,spiegel,jwplatform,,high,normalized upstream key exactly matches a registered Go extractor
sport5,Sport5IE,Sport5,requires_new_backend,,,,low,no exact Go mapping or existing shared-backend handoff was detected; manual family review is required
sportbox,SportBoxIE,SportBox,obsolete_or_intentional_deviation,,,,high,upstream class explicitly declares _WORKING = False
sportdeutschland,SportDeutschlandIE,SportDeutschland,requires_new_backend,,,,low,no exact Go mapping or existing shared-backend handoff was detected; manual family review is required
spreaker,SpreakerIE,Spreaker,already_supported,spreaker,,,high,normalized upstream key exactly matches a registered Go extractor
spreaker,SpreakerShowIE,SpreakerShow,already_supported,spreaker_show,,,high,normalized upstream key exactly matches a registered Go extractor
sproutvideo,SproutVideoIE,SproutVideo,already_supported,sproutvideo,sproutvideo,,high,normalized upstream key exactly matches a registered Go extractor
sproutvideo,VidsIoIE,VidsIo,already_supported,vidsio,sproutvideo,,high,normalized upstream key exactly matches a registered Go extractor
srgssr,SRGSSRIE,SRGSSR,requires_new_backend,,,,low,no exact Go mapping or existing shared-backend handoff was detected; manual family review is required
srgssr,SRGSSRPlayIE,SRGSSRPlay,requires_new_backend,,,,low,no exact Go mapping or existing shared-backend handoff was detected; manual family review is required
srmediathek,SRMediathekIE,SRMediathek,requires_new_backend,,,,low,no exact Go mapping or existing shared-backend handoff was detected; manual family review is required
stacommu,StacommuLiveIE,StacommuLive,requires_new_backend,,,,low,no exact Go mapping or existing shared-backend handoff was detected; manual family review is required
stacommu,StacommuVODIE,StacommuVOD,requires_new_backend,,,,low,no exact Go mapping or existing shared-backend handoff was detected; manual family review is required
stacommu,TheaterComplexTownPPVIE,TheaterComplexTownPPV,requires_new_backend,,,,low,no exact Go mapping or existing shared-backend handoff was detected; manual family review is required
stacommu,TheaterComplexTownVODIE,TheaterComplexTownVOD,requires_new_backend,,,,low,no exact Go mapping or existing shared-backend handoff was detected; manual family review is required
stageplus,StagePlusVODConcertIE,StagePlusVODConcert,requires_authentication_or_antibot,,,authentication;login,medium,"upstream class contains explicit authentication, password, OAuth, or impersonation behavior"
startrek,StarTrekIE,StarTrek,uses_existing_shared_backend,,youtube,,medium,upstream class references a media backend already implemented in Go
startv,StarTVIE,StarTV,requires_new_backend,,,,low,no exact Go mapping or existing shared-backend handoff was detected; manual family review is required
steam,SteamCommunityBroadcastIE,SteamCommunityBroadcast,requires_new_backend,,,,low,no exact Go mapping or existing shared-backend handoff was detected; manual family review is required
steam,SteamCommunityIE,SteamCommunity,uses_existing_shared_backend,,youtube,,medium,upstream class references a media backend already implemented in Go
steam,SteamIE,Steam,requires_new_backend,,,,low,no exact Go mapping or existing shared-backend handoff was detected; manual family review is required
storyfire,StoryFireIE,StoryFire,requires_new_backend,,,,low,no exact Go mapping or existing shared-backend handoff was detected; manual family review is required
storyfire,StoryFireSeriesIE,StoryFireSeries,requires_new_backend,,,,low,no exact Go mapping or existing shared-backend handoff was detected; manual family review is required
storyfire,StoryFireUserIE,StoryFireUser,requires_new_backend,,,,low,no exact Go mapping or existing shared-backend handoff was detected; manual family review is required
streaks,StreaksIE,Streaks,requires_new_backend,,,,low,no exact Go mapping or existing shared-backend handoff was detected; manual family review is required
streamable,StreamableIE,Streamable,already_supported,streamable,,,high,normalized upstream key exactly matches a registered Go extractor
streamcz,StreamCZIE,StreamCZ,requires_new_backend,,,,low,no exact Go mapping or existing shared-backend handoff was detected; manual family review is required
streetvoice,StreetVoiceIE,StreetVoice,requires_new_backend,,,,low,no exact Go mapping or existing shared-backend handoff was detected; manual family review is required
stripchat,StripchatIE,Stripchat,requires_new_backend,,,,low,no exact Go mapping or existing shared-backend handoff was detected; manual family review is required
stv,STVPlayerIE,STVPlayer,uses_existing_shared_backend,,brightcove,,medium,upstream class references a media backend already implemented in Go
subsplash,SubsplashIE,Subsplash,requires_new_backend,,,,low,no exact Go mapping or existing shared-backend handoff was detected; manual family review is required
subsplash,SubsplashPlaylistIE,SubsplashPlaylist,requires_new_backend,,,,low,no exact Go mapping or existing shared-backend handoff was detected; manual family review is required
substack,SubstackIE,Substack,requires_new_backend,,,,low,no exact Go mapping or existing shared-backend handoff was detected; manual family review is required
sunporno,SunPornoIE,SunPorno,requires_new_backend,,,,low,no exact Go mapping or existing shared-backend handoff was detected; manual family review is required
sverigesradio,SverigesRadioEpisodeIE,SverigesRadioEpisode,requires_new_backend,,,,low,no exact Go mapping or existing shared-backend handoff was detected; manual family review is required
sverigesradio,SverigesRadioPublicationIE,SverigesRadioPublication,requires_new_backend,,,,low,no exact Go mapping or existing shared-backend handoff was detected; manual family review is required
svt,SVTPageIE,SVTPage,already_supported,region_svt,,,high,curated exact mapping to a registered Go extractor
svt,SVTPlayIE,SVTPlay,already_supported,region_svt,,,high,curated exact mapping to a registered Go extractor
svt,SVTSeriesIE,SVTSeries,already_supported,region_svt,,,high,curated exact mapping to a registered Go extractor
sztvhu,SztvHuIE,SztvHu,requires_new_backend,,,,low,no exact Go mapping or existing shared-backend handoff was detected; manual family review is required
tagesschau,TagesschauIE,Tagesschau,obsolete_or_intentional_deviation,,,,high,upstream class explicitly declares _WORKING = False
taptap,TapTapAppIE,TapTapApp,requires_new_backend,,,,low,no exact Go mapping or existing shared-backend handoff was detected; manual family review is required
taptap,TapTapAppIntlIE,TapTapAppIntl,requires_new_backend,,,,low,no exact Go mapping or existing shared-backend handoff was detected; manual family review is required
taptap,TapTapMomentIE,TapTapMoment,requires_new_backend,,,,low,no exact Go mapping or existing shared-backend handoff was detected; manual family review is required
taptap,TapTapPostIntlIE,TapTapPostIntl,requires_new_backend,,,,low,no exact Go mapping or existing shared-backend handoff was detected; manual family review is required
tarangplus,TarangPlusEpisodesIE,TarangPlusEpisodes,requires_new_backend,,,,low,no exact Go mapping or existing shared-backend handoff was detected; manual family review is required
tarangplus,TarangPlusPlaylistIE,TarangPlusPlaylist,requires_new_backend,,,,low,no exact Go mapping or existing shared-backend handoff was detected; manual family review is required
tarangplus,TarangPlusVideoIE,TarangPlusVideo,requires_new_backend,,,,low,no exact Go mapping or existing shared-backend handoff was detected; manual family review is required
tass,TassIE,Tass,obsolete_or_intentional_deviation,,,,high,upstream class explicitly declares _WORKING = False
tbs,TBSIE,TBS,requires_new_backend,,,,low,no exact Go mapping or existing shared-backend handoff was detected; manual family review is required
tbsjp,TBSJPEpisodeIE,TBSJPEpisode,requires_new_backend,,,,low,no exact Go mapping or existing shared-backend handoff was detected; manual family review is required
tbsjp,TBSJPPlaylistIE,TBSJPPlaylist,requires_new_backend,,,,low,no exact Go mapping or existing shared-backend handoff was detected; manual family review is required
tbsjp,TBSJPProgramIE,TBSJPProgram,requires_new_backend,,,,low,no exact Go mapping or existing shared-backend handoff was detected; manual family review is required
teachable,TeachableCourseIE,TeachableCourse,requires_new_backend,,,,low,no exact Go mapping or existing shared-backend handoff was detected; manual family review is required
teachable,TeachableIE,Teachable,obsolete_or_intentional_deviation,,wistia,login,high,upstream class explicitly declares _WORKING = False
teachertube,TeacherTubeIE,TeacherTube,obsolete_or_intentional_deviation,,,,high,upstream class explicitly declares _WORKING = False
teachertube,TeacherTubeUserIE,TeacherTubeUser,obsolete_or_intentional_deviation,,,,high,upstream class explicitly declares _WORKING = False
teachingchannel,TeachingChannelIE,TeachingChannel,obsolete_or_intentional_deviation,,jwplatform,,high,upstream class explicitly declares _WORKING = False
teamcoco,ConanClassicIE,ConanClassic,obsolete_or_intentional_deviation,,,,high,upstream class explicitly declares _WORKING = False
teamcoco,TeamcocoIE,Teamcoco,requires_new_backend,,,,low,no exact Go mapping or existing shared-backend handoff was detected; manual family review is required
teamtreehouse,TeamTreeHouseIE,TeamTreeHouse,requires_authentication_or_antibot,,,login,medium,"upstream class contains explicit authentication, password, OAuth, or impersonation behavior"
ted,TedEmbedIE,TedEmbed,requires_new_backend,,,,low,no exact Go mapping or existing shared-backend handoff was detected; manual family review is required
ted,TedPlaylistIE,TedPlaylist,requires_new_backend,,,,low,no exact Go mapping or existing shared-backend handoff was detected; manual family review is required
ted,TedSeriesIE,TedSeries,requires_new_backend,,,,low,no exact Go mapping or existing shared-backend handoff was detected; manual family review is required
ted,TedTalkIE,TedTalk,requires_new_backend,,,,low,no exact Go mapping or existing shared-backend handoff was detected; manual family review is required
tele13,Tele13IE,Tele13,uses_existing_shared_backend,,youtube,,medium,upstream class references a media backend already implemented in Go
tele5,Tele5IE,Tele5,already_supported,tele5,,,high,fixture-backed Aurora CMS recursion preserves public Referer and webpage identity through product extraction
telebruxelles,TeleBruxellesIE,TeleBruxelles,requires_new_backend,,,,low,no exact Go mapping or existing shared-backend handoff was detected; manual family review is required
telecaribe,TelecaribePlayIE,TelecaribePlay,requires_new_backend,,,,low,no exact Go mapping or existing shared-backend handoff was detected; manual family review is required
telecinco,TelecincoIE,Telecinco,requires_authentication_or_antibot,,,impersonation,medium,"upstream class contains explicit authentication, password, OAuth, or impersonation behavior"
telegraaf,TelegraafIE,Telegraaf,requires_new_backend,,,,low,no exact Go mapping or existing shared-backend handoff was detected; manual family review is required
telegram,TelegramEmbedIE,TelegramEmbed,requires_new_backend,,,,low,no exact Go mapping or existing shared-backend handoff was detected; manual family review is required
telemb,TeleMBIE,TeleMB,obsolete_or_intentional_deviation,,,,high,upstream class explicitly declares _WORKING = False
telemundo,TelemundoIE,Telemundo,obsolete_or_intentional_deviation,,,,high,upstream class explicitly declares _WORKING = False
telequebec,TeleQuebecEmissionIE,TeleQuebecEmission,requires_new_backend,,,,low,no exact Go mapping or existing shared-backend handoff was detected; manual family review is required
telequebec,TeleQuebecIE,TeleQuebec,requires_new_backend,,,,low,no exact Go mapping or existing shared-backend handoff was detected; manual family review is required
telequebec,TeleQuebecLiveIE,TeleQuebecLive,requires_new_backend,,,,low,no exact Go mapping or existing shared-backend handoff was detected; manual family review is required
telequebec,TeleQuebecSquatIE,TeleQuebecSquat,requires_new_backend,,,,low,no exact Go mapping or existing shared-backend handoff was detected; manual family review is required
telequebec,TeleQuebecVideoIE,TeleQuebecVideo,requires_new_backend,,,,low,no exact Go mapping or existing shared-backend handoff was detected; manual family review is required
teletask,TeleTaskIE,TeleTask,obsolete_or_intentional_deviation,,,,high,upstream class explicitly declares _WORKING = False
telewebion,TelewebionIE,Telewebion,requires_new_backend,,,,low,no exact Go mapping or existing shared-backend handoff was detected; manual family review is required
tencent,IflixEpisodeIE,IflixEpisode,requires_new_backend,,,,low,no exact Go mapping or existing shared-backend handoff was detected; manual family review is required
tencent,IflixSeriesIE,IflixSeries,requires_new_backend,,,,low,no exact Go mapping or existing shared-backend handoff was detected; manual family review is required
tencent,VQQSeriesIE,VQQSeries,requires_new_backend,,,,low,no exact Go mapping or existing shared-backend handoff was detected; manual family review is required
tencent,VQQVideoIE,VQQVideo,requires_new_backend,,,,low,no exact Go mapping or existing shared-backend handoff was detected; manual family review is required
tencent,WeTvEpisodeIE,WeTvEpisode,requires_new_backend,,,,low,no exact Go mapping or existing shared-backend handoff was detected; manual family review is required
tencent,WeTvSeriesIE,WeTvSeries,requires_new_backend,,,,low,no exact Go mapping or existing shared-backend handoff was detected; manual family review is required
tennistv,TennisTVIE,TennisTV,requires_authentication_or_antibot,,,authentication;login,medium,"upstream class contains explicit authentication, password, OAuth, or impersonation behavior"
tenplay,TenPlayIE,TenPlay,requires_authentication_or_antibot,,,authentication;login,medium,"upstream class contains explicit authentication, password, OAuth, or impersonation behavior"
tenplay,TenPlaySeasonIE,TenPlaySeason,requires_new_backend,,,,low,no exact Go mapping or existing shared-backend handoff was detected; manual family review is required
testurl,TestURLIE,TestURL,requires_new_backend,,,,low,no exact Go mapping or existing shared-backend handoff was detected; manual family review is required
tf1,TF1IE,TF1,requires_new_backend,,,,low,no exact Go mapping or existing shared-backend handoff was detected; manual family review is required
tfo,TFOIE,TFO,obsolete_or_intentional_deviation,,,,high,upstream class explicitly declares _WORKING = False
thechosen,TheChosenGroupIE,TheChosenGroup,obsolete_or_intentional_deviation,,,,high,upstream class explicitly declares _WORKING = False
thechosen,TheChosenIE,TheChosen,requires_new_backend,,,,low,no exact Go mapping or existing shared-backend handoff was detected; manual family review is required
theguardian,TheGuardianPodcastIE,TheGuardianPodcast,requires_new_backend,,,,low,no exact Go mapping or existing shared-backend handoff was detected; manual family review is required
theguardian,TheGuardianPodcastPlaylistIE,TheGuardianPodcastPlaylist,requires_new_backend,,,,low,no exact Go mapping or existing shared-backend handoff was detected; manual family review is required
thehighwire,TheHighWireIE,TheHighWire,requires_new_backend,,,,low,no exact Go mapping or existing shared-backend handoff was detected; manual family review is required
theintercept,TheInterceptIE,TheIntercept,already_supported,theintercept,jwplatform,,high,normalized upstream key exactly matches a registered Go extractor
theplatform,ThePlatformFeedIE,ThePlatformFeed,already_supported,theplatform_feed,theplatform,,high,normalized upstream key exactly matches a registered Go extractor
theplatform,ThePlatformIE,ThePlatform,already_supported,theplatform,theplatform,,high,normalized upstream key exactly matches a registered Go extractor
thestar,TheStarIE,TheStar,already_supported,thestar,brightcove,,high,normalized upstream key exactly matches a registered Go extractor
thesun,TheSunIE,TheSun,already_supported,thesun,brightcove,,high,normalized upstream key exactly matches a registered Go extractor
theweatherchannel,TheWeatherChannelIE,TheWeatherChannel,partially_supported,,theplatform,,medium,"the Go port implements this upstream site family, but no exact extractor-key mapping is proven"
thisamericanlife,ThisAmericanLifeIE,ThisAmericanLife,requires_new_backend,,,,low,no exact Go mapping or existing shared-backend handoff was detected; manual family review is required
thisoldhouse,ThisOldHouseIE,ThisOldHouse,requires_authentication_or_antibot,,brightcove,login,medium,"upstream class contains explicit authentication, password, OAuth, or impersonation behavior"
thisvid,ThisVidIE,ThisVid,requires_authentication_or_antibot,,,login,medium,"upstream class contains explicit authentication, password, OAuth, or impersonation behavior"
thisvid,ThisVidMemberIE,ThisVidMember,requires_new_backend,,,,low,no exact Go mapping or existing shared-backend handoff was detected; manual family review is required
thisvid,ThisVidPlaylistIE,ThisVidPlaylist,requires_new_backend,,,,low,no exact Go mapping or existing shared-backend handoff was detected; manual family review is required
threeqsdn,ThreeQSDNIE,ThreeQSDN,requires_new_backend,,,,low,no exact Go mapping or existing shared-backend handoff was detected; manual family review is required
threespeak,ThreeSpeakIE,ThreeSpeak,requires_new_backend,,,,low,no exact Go mapping or existing shared-backend handoff was detected; manual family review is required
threespeak,ThreeSpeakUserIE,ThreeSpeakUser,requires_new_backend,,,,low,no exact Go mapping or existing shared-backend handoff was detected; manual family review is required
tiktok,DouyinIE,Douyin,partially_supported,,,,medium,"the Go port implements this upstream site family, but no exact extractor-key mapping is proven"
tiktok,TikTokCollectionIE,TikTokCollection,partially_supported,,,,medium,"the Go port implements this upstream site family, but no exact extractor-key mapping is proven"
tiktok,TikTokEffectIE,TikTokEffect,obsolete_or_intentional_deviation,,,,high,upstream class explicitly declares _WORKING = False
tiktok,TikTokIE,TikTok,already_supported,tiktok,,login,high,normalized upstream key exactly matches a registered Go extractor
tiktok,TikTokLiveIE,TikTokLive,partially_supported,,,impersonation,medium,"the Go port implements this upstream site family, but no exact extractor-key mapping is proven"
tiktok,TikTokSoundIE,TikTokSound,obsolete_or_intentional_deviation,,,,high,upstream class explicitly declares _WORKING = False
tiktok,TikTokTagIE,TikTokTag,obsolete_or_intentional_deviation,,,,high,upstream class explicitly declares _WORKING = False
tiktok,TikTokUserIE,TikTokUser,partially_supported,,,impersonation;login,medium,"the Go port implements this upstream site family, but no exact extractor-key mapping is proven"
tiktok,TikTokVMIE,TikTokVM,partially_supported,,,,medium,"the Go port implements this upstream site family, but no exact extractor-key mapping is proven"
tmz,TMZIE,TMZ,requires_new_backend,,,,low,no exact Go mapping or existing shared-backend handoff was detected; manual family review is required
tnaflix,EMPFlixIE,EMPFlix,requires_new_backend,,,,low,no exact Go mapping or existing shared-backend handoff was detected; manual family review is required
tnaflix,MovieFapIE,MovieFap,requires_new_backend,,,,low,no exact Go mapping or existing shared-backend handoff was detected; manual family review is required
tnaflix,TNAFlixIE,TNAFlix,requires_new_backend,,,,low,no exact Go mapping or existing shared-backend handoff was detected; manual family review is required
tnaflix,TNAFlixNetworkEmbedIE,TNAFlixNetworkEmbed,requires_new_backend,,,,low,no exact Go mapping or existing shared-backend handoff was detected; manual family review is required
toggle,MeWatchIE,MeWatch,requires_new_backend,,,,low,no exact Go mapping or existing shared-backend handoff was detected; manual family review is required
toggle,ToggleIE,Toggle,requires_new_backend,,,,low,no exact Go mapping or existing shared-backend handoff was detected; manual family review is required
toggo,ToggoIE,Toggo,uses_existing_shared_backend,,brightcove,,medium,upstream class references a media backend already implemented in Go
tonline,TOnlineIE,TOnline,obsolete_or_intentional_deviation,,,,high,upstream class explicitly declares _WORKING = False
toongoggles,ToonGogglesIE,ToonGoggles,uses_existing_shared_backend,,kaltura,,medium,upstream class references a media backend already implemented in Go
toutiao,ToutiaoIE,Toutiao,requires_authentication_or_antibot,,,login,medium,"upstream class contains explicit authentication, password, OAuth, or impersonation behavior"
toutv,TouTvIE,TouTv,requires_authentication_or_antibot,,,authentication;login,medium,"upstream class contains explicit authentication, password, OAuth, or impersonation behavior"
toypics,ToypicsIE,Toypics,obsolete_or_intentional_deviation,,,,high,upstream class explicitly declares _WORKING = False
toypics,ToypicsUserIE,ToypicsUser,obsolete_or_intentional_deviation,,,,high,upstream class explicitly declares _WORKING = False
trtcocuk,TrtCocukVideoIE,TrtCocukVideo,requires_new_backend,,,,low,no exact Go mapping or existing shared-backend handoff was detected; manual family review is required
trtworld,TrtWorldIE,TrtWorld,requires_new_backend,,,,low,no exact Go mapping or existing shared-backend handoff was detected; manual family review is required
trueid,TrueIDIE,TrueID,requires_new_backend,,,,low,no exact Go mapping or existing shared-backend handoff was detected; manual family review is required
trunews,TruNewsIE,TruNews,requires_new_backend,,,,low,no exact Go mapping or existing shared-backend handoff was detected; manual family review is required
truth,TruthIE,Truth,requires_authentication_or_antibot,,,impersonation,medium,"upstream class contains explicit authentication, password, OAuth, or impersonation behavior"
tube8,Tube8IE,Tube8,obsolete_or_intentional_deviation,,,,high,upstream class explicitly declares _WORKING = False
tubetugraz,TubeTuGrazIE,TubeTuGraz,requires_new_backend,,,,low,no exact Go mapping or existing shared-backend handoff was detected; manual family review is required
tubetugraz,TubeTuGrazSeriesIE,TubeTuGrazSeries,requires_new_backend,,,,low,no exact Go mapping or existing shared-backend handoff was detected; manual family review is required
tubitv,TubiTvIE,TubiTv,requires_authentication_or_antibot,,,login,medium,"upstream class contains explicit authentication, password, OAuth, or impersonation behavior"
tubitv,TubiTvShowIE,TubiTvShow,requires_new_backend,,,,low,no exact Go mapping or existing shared-backend handoff was detected; manual family review is required
tumblr,TumblrIE,Tumblr,requires_authentication_or_antibot,,,authentication;login,medium,"upstream class contains explicit authentication, password, OAuth, or impersonation behavior"
tunein,TuneInEmbedIE,TuneInEmbed,requires_new_backend,,,,low,no exact Go mapping or existing shared-backend handoff was detected; manual family review is required
tunein,TuneInPodcastEpisodeIE,TuneInPodcastEpisode,requires_new_backend,,,,low,no exact Go mapping or existing shared-backend handoff was detected; manual family review is required
tunein,TuneInPodcastIE,TuneInPodcast,requires_new_backend,,,,low,no exact Go mapping or existing shared-backend handoff was detected; manual family review is required
tunein,TuneInShortenerIE,TuneInShortener,requires_new_backend,,,,low,no exact Go mapping or existing shared-backend handoff was detected; manual family review is required
tunein,TuneInStationIE,TuneInStation,requires_new_backend,,,,low,no exact Go mapping or existing shared-backend handoff was detected; manual family review is required
tv2,KatsomoIE,Katsomo,obsolete_or_intentional_deviation,,,login,high,upstream class explicitly declares _WORKING = False
tv2,MTVUutisetArticleIE,MTVUutisetArticle,obsolete_or_intentional_deviation,,,,high,upstream class explicitly declares _WORKING = False
tv2,TV2ArticleIE,TV2Article,requires_new_backend,,,,low,no exact Go mapping or existing shared-backend handoff was detected; manual family review is required
tv2,TV2IE,TV2,requires_authentication_or_antibot,,,login,medium,"upstream class contains explicit authentication, password, OAuth, or impersonation behavior"
tv24ua,TV24UAVideoIE,TV24UAVideo,requires_new_backend,,,,low,no exact Go mapping or existing shared-backend handoff was detected; manual family review is required
tv2dk,TV2DKBornholmPlayIE,TV2DKBornholmPlay,requires_new_backend,,,,low,no exact Go mapping or existing shared-backend handoff was detected; manual family review is required
tv2dk,TV2DKIE,TV2DK,uses_existing_shared_backend,,jwplatform,,medium,upstream class references a media backend already implemented in Go
tv2hu,TV2HuIE,TV2Hu,requires_new_backend,,,,low,no exact Go mapping or existing shared-backend handoff was detected; manual family review is required
tv2hu,TV2HuSeriesIE,TV2HuSeries,requires_new_backend,,,,low,no exact Go mapping or existing shared-backend handoff was detected; manual family review is required
tv4,TV4IE,TV4,requires_new_backend,,,,low,no exact Go mapping or existing shared-backend handoff was detected; manual family review is required
tv5mondeplus,TV5MondePlusIE,TV5MondePlus,requires_authentication_or_antibot,,,authentication;impersonation,medium,"upstream class contains explicit authentication, password, OAuth, or impersonation behavior"
tv5unis,TV5UnisIE,TV5Unis,requires_new_backend,,,,low,no exact Go mapping or existing shared-backend handoff was detected; manual family review is required
tv5unis,TV5UnisVideoIE,TV5UnisVideo,requires_new_backend,,,,low,no exact Go mapping or existing shared-backend handoff was detected; manual family review is required
tva,TVAIE,TVA,already_supported,tva,brightcove,,high,curated exact mapping to a registered Go extractor
tvanouvelles,TVANouvellesArticleIE,TVANouvellesArticle,already_supported,tvanouvelles_article,,,high,normalized upstream key exactly matches a registered Go extractor
tvanouvelles,TVANouvellesIE,TVANouvelles,already_supported,tvanouvelles,brightcove,,high,normalized upstream key exactly matches a registered Go extractor
tvc,TVCArticleIE,TVCArticle,requires_new_backend,,,,low,no exact Go mapping or existing shared-backend handoff was detected; manual family review is required
tvc,TVCIE,TVC,requires_new_backend,,,,low,no exact Go mapping or existing shared-backend handoff was detected; manual family review is required
tver,TVerIE,TVer,uses_existing_shared_backend,,brightcove,,medium,upstream class references a media backend already implemented in Go
tver,TVerOlympicIE,TVerOlympic,requires_new_backend,,,,low,no exact Go mapping or existing shared-backend handoff was detected; manual family review is required
tvigle,TvigleIE,Tvigle,requires_new_backend,,,,low,no exact Go mapping or existing shared-backend handoff was detected; manual family review is required
tviplayer,TVIPlayerIE,TVIPlayer,requires_new_backend,,,,low,no exact Go mapping or existing shared-backend handoff was detected; manual family review is required
tvn24,TVN24IE,TVN24,obsolete_or_intentional_deviation,,,,high,upstream class explicitly declares _WORKING = False
tvnoe,TVNoeIE,TVNoe,requires_new_backend,,,,low,no exact Go mapping or existing shared-backend handoff was detected; manual family review is required
tvo,TvoIE,Tvo,already_supported,tvo,brightcove,,high,normalized upstream key exactly matches a registered Go extractor
tvopengr,TVOpenGrEmbedIE,TVOpenGrEmbed,requires_new_backend,,,,low,no exact Go mapping or existing shared-backend handoff was detected; manual family review is required
tvopengr,TVOpenGrWatchIE,TVOpenGrWatch,requires_new_backend,,,,low,no exact Go mapping or existing shared-backend handoff was detected; manual family review is required
tvp,TVPEmbedIE,TVPEmbed,requires_new_backend,,,,low,no exact Go mapping or existing shared-backend handoff was detected; manual family review is required
tvp,TVPIE,TVP,requires_new_backend,,,,low,no exact Go mapping or existing shared-backend handoff was detected; manual family review is required
tvp,TVPStreamIE,TVPStream,requires_new_backend,,,,low,no exact Go mapping or existing shared-backend handoff was detected; manual family review is required
tvp,TVPVODSeriesIE,TVPVODSeries,requires_new_backend,,,,low,no exact Go mapping or existing shared-backend handoff was detected; manual family review is required
tvp,TVPVODVideoIE,TVPVODVideo,requires_new_backend,,,,low,no exact Go mapping or existing shared-backend handoff was detected; manual family review is required
tvplay,TVPlayHomeIE,TVPlayHome,requires_new_backend,,,,low,no exact Go mapping or existing shared-backend handoff was detected; manual family review is required
tvplay,TVPlayIE,TVPlay,requires_new_backend,,,,low,no exact Go mapping or existing shared-backend handoff was detected; manual family review is required
tvw,TvwIE,Tvw,requires_authentication_or_antibot,,,authentication,medium,"upstream class contains explicit authentication, password, OAuth, or impersonation behavior"
tvw,TvwNewsIE,TvwNews,requires_new_backend,,,,low,no exact Go mapping or existing shared-backend handoff was detected; manual family review is required
tvw,TvwTvChannelsIE,TvwTvChannels,requires_new_backend,,,,low,no exact Go mapping or existing shared-backend handoff was detected; manual family review is required
tweakers,TweakersIE,Tweakers,requires_new_backend,,,,low,no exact Go mapping or existing shared-backend handoff was detected; manual family review is required
twentymin,TwentyMinutenIE,TwentyMinuten,obsolete_or_intentional_deviation,,,,high,upstream class explicitly declares _WORKING = False
twentythreevideo,TwentyThreeVideoIE,TwentyThreeVideo,requires_new_backend,,,,low,no exact Go mapping or existing shared-backend handoff was detected; manual family review is required
twitcasting,TwitCastingIE,TwitCasting,requires_authentication_or_antibot,,,login;password,medium,"upstream class contains explicit authentication, password, OAuth, or impersonation behavior"
twitcasting,TwitCastingLiveIE,TwitCastingLive,requires_new_backend,,,,low,no exact Go mapping or existing shared-backend handoff was detected; manual family review is required
twitcasting,TwitCastingUserIE,TwitCastingUser,requires_new_backend,,,,low,no exact Go mapping or existing shared-backend handoff was detected; manual family review is required
twitch,TwitchClipsIE,TwitchClips,partially_supported,,,,medium,"the Go port implements this upstream site family, but no exact extractor-key mapping is proven"
twitch,TwitchCollectionIE,TwitchCollection,partially_supported,,,,medium,"the Go port implements this upstream site family, but no exact extractor-key mapping is proven"
twitch,TwitchStreamIE,TwitchStream,partially_supported,,,,medium,"the Go port implements this upstream site family, but no exact extractor-key mapping is proven"
twitch,TwitchVideosClipsIE,TwitchVideosClips,partially_supported,,,,medium,"the Go port implements this upstream site family, but no exact extractor-key mapping is proven"
twitch,TwitchVideosCollectionsIE,TwitchVideosCollections,partially_supported,,,,medium,"the Go port implements this upstream site family, but no exact extractor-key mapping is proven"
twitch,TwitchVideosIE,TwitchVideos,partially_supported,,,,medium,"the Go port implements this upstream site family, but no exact extractor-key mapping is proven"
twitch,TwitchVodIE,TwitchVod,partially_supported,,,,medium,"the Go port implements this upstream site family, but no exact extractor-key mapping is proven"
twitter,TwitterAmplifyIE,TwitterAmplify,partially_supported,,,,medium,"the Go port implements this upstream site family, but no exact extractor-key mapping is proven"
twitter,TwitterBroadcastIE,TwitterBroadcast,partially_supported,,,,medium,"the Go port implements this upstream site family, but no exact extractor-key mapping is proven"
twitter,TwitterCardIE,TwitterCard,partially_supported,,,,medium,"the Go port implements this upstream site family, but no exact extractor-key mapping is proven"
twitter,TwitterIE,Twitter,already_supported,twitter,,login,high,normalized upstream key exactly matches a registered Go extractor
twitter,TwitterShortenerIE,TwitterShortener,partially_supported,,,,medium,"the Go port implements this upstream site family, but no exact extractor-key mapping is proven"
twitter,TwitterSpacesIE,TwitterSpaces,partially_supported,,,,medium,"the Go port implements this upstream site family, but no exact extractor-key mapping is proven"
txxx,PornTopIE,PornTop,requires_new_backend,,,,low,no exact Go mapping or existing shared-backend handoff was detected; manual family review is required
txxx,TxxxIE,Txxx,requires_new_backend,,,,low,no exact Go mapping or existing shared-backend handoff was detected; manual family review is required
udemy,UdemyCourseIE,UdemyCourse,requires_new_backend,,,,low,no exact Go mapping or existing shared-backend handoff was detected; manual family review is required
udemy,UdemyIE,Udemy,requires_authentication_or_antibot,,,authentication;login,medium,"upstream class contains explicit authentication, password, OAuth, or impersonation behavior"
udn,UDNEmbedIE,UDNEmbed,requires_new_backend,,,,low,no exact Go mapping or existing shared-backend handoff was detected; manual family review is required
ufctv,UFCTVIE,UFCTV,requires_authentication_or_antibot,,,login,medium,"upstream class contains explicit authentication, password, OAuth, or impersonation behavior"
ukcolumn,UkColumnIE,UkColumn,obsolete_or_intentional_deviation,,vimeo,,high,upstream class explicitly declares _WORKING = False
uliza,UlizaPlayerIE,UlizaPlayer,requires_new_backend,,,,low,no exact Go mapping or existing shared-backend handoff was detected; manual family review is required
uliza,UlizaPortalIE,UlizaPortal,requires_new_backend,,,,low,no exact Go mapping or existing shared-backend handoff was detected; manual family review is required
umg,UMGDeIE,UMGDe,requires_new_backend,,,,low,no exact Go mapping or existing shared-backend handoff was detected; manual family review is required
unistra,UnistraIE,Unistra,requires_new_backend,,,,low,no exact Go mapping or existing shared-backend handoff was detected; manual family review is required
unitednations,UnitedNationsWebTvIE,UnitedNationsWebTv,already_supported,unitednationswebtv,kaltura,,high,normalized upstream key exactly matches a registered Go extractor
unity,UnityIE,Unity,obsolete_or_intentional_deviation,,youtube,,high,upstream class explicitly declares _WORKING = False
unsupported,KnownDRMIE,KnownDRM,requires_new_backend,,,,low,no exact Go mapping or existing shared-backend handoff was detected; manual family review is required
unsupported,KnownLiabilityIE,KnownLiability,requires_new_backend,,,,low,no exact Go mapping or existing shared-backend handoff was detected; manual family review is required
unsupported,KnownPiracyIE,KnownPiracy,requires_new_backend,,,,low,no exact Go mapping or existing shared-backend handoff was detected; manual family review is required
uol,UOLIE,UOL,requires_new_backend,,,,low,no exact Go mapping or existing shared-backend handoff was detected; manual family review is required
uplynk,UplynkIE,Uplynk,requires_new_backend,,,,low,no exact Go mapping or existing shared-backend handoff was detected; manual family review is required
uplynk,UplynkPreplayIE,UplynkPreplay,requires_new_backend,,,,low,no exact Go mapping or existing shared-backend handoff was detected; manual family review is required
urort,UrortIE,Urort,obsolete_or_intentional_deviation,,,,high,upstream class explicitly declares _WORKING = False
urplay,URPlayIE,URPlay,requires_new_backend,,,,low,no exact Go mapping or existing shared-backend handoff was detected; manual family review is required
usanetwork,USANetworkIE,USANetwork,requires_new_backend,,,,low,no exact Go mapping or existing shared-backend handoff was detected; manual family review is required
usatoday,USATodayIE,USAToday,already_supported,usatoday,brightcove,,high,normalized upstream key exactly matches a registered Go extractor
ustream,UstreamChannelIE,UstreamChannel,requires_new_backend,,,,low,no exact Go mapping or existing shared-backend handoff was detected; manual family review is required
ustream,UstreamIE,Ustream,requires_new_backend,,,,low,no exact Go mapping or existing shared-backend handoff was detected; manual family review is required
ustudio,UstudioEmbedIE,UstudioEmbed,requires_new_backend,,,,low,no exact Go mapping or existing shared-backend handoff was detected; manual family review is required
ustudio,UstudioIE,Ustudio,requires_new_backend,,,,low,no exact Go mapping or existing shared-backend handoff was detected; manual family review is required
varzesh3,Varzesh3IE,Varzesh3,obsolete_or_intentional_deviation,,,,high,upstream class explicitly declares _WORKING = False
vbox7,Vbox7IE,Vbox7,requires_new_backend,,,,low,no exact Go mapping or existing shared-backend handoff was detected; manual family review is required
veo,VeoIE,Veo,requires_new_backend,,,,low,no exact Go mapping or existing shared-backend handoff was detected; manual family review is required
vevo,VevoIE,Vevo,requires_authentication_or_antibot,,,authentication,medium,"upstream class contains explicit authentication, password, OAuth, or impersonation behavior"
vevo,VevoPlaylistIE,VevoPlaylist,requires_new_backend,,,,low,no exact Go mapping or existing shared-backend handoff was detected; manual family review is required
vgtv,BTArticleIE,BTArticle,requires_new_backend,,,,low,no exact Go mapping or existing shared-backend handoff was detected; manual family review is required
vgtv,BTVestlendingenIE,BTVestlendingen,requires_new_backend,,,,low,no exact Go mapping or existing shared-backend handoff was detected; manual family review is required
vgtv,VGTVIE,VGTV,obsolete_or_intentional_deviation,,,,high,upstream class explicitly declares _WORKING = False
vh1,VH1IE,VH1,requires_new_backend,,,,low,no exact Go mapping or existing shared-backend handoff was detected; manual family review is required
vice,ViceArticleIE,ViceArticle,obsolete_or_intentional_deviation,,youtube,,high,upstream class explicitly declares _WORKING = False
vice,ViceIE,Vice,obsolete_or_intentional_deviation,,,,high,upstream class explicitly declares _WORKING = False
vice,ViceShowIE,ViceShow,obsolete_or_intentional_deviation,,,,high,upstream class explicitly declares _WORKING = False
viddler,ViddlerIE,Viddler,obsolete_or_intentional_deviation,,,,high,upstream class explicitly declares _WORKING = False
videa,VideaIE,Videa,requires_new_backend,,,,low,no exact Go mapping or existing shared-backend handoff was detected; manual family review is required
videocampus_sachsen,ViMPPlaylistIE,ViMPPlaylist,requires_new_backend,,,,low,no exact Go mapping or existing shared-backend handoff was detected; manual family review is required
videocampus_sachsen,VideocampusSachsenIE,VideocampusSachsen,requires_new_backend,,,,low,no exact Go mapping or existing shared-backend handoff was detected; manual family review is required
videoken,VideoKenPlayerIE,VideoKenPlayer,requires_new_backend,,,,low,no exact Go mapping or existing shared-backend handoff was detected; manual family review is required
videopress,VideoPressIE,VideoPress,requires_new_backend,,,,low,no exact Go mapping or existing shared-backend handoff was detected; manual family review is required
vidflex,VidflexIE,Vidflex,requires_new_backend,,,,low,no exact Go mapping or existing shared-backend handoff was detected; manual family review is required
vidio,VidioIE,Vidio,requires_authentication_or_antibot,,,login,medium,"upstream class contains explicit authentication, password, OAuth, or impersonation behavior"
vidio,VidioLiveIE,VidioLive,requires_authentication_or_antibot,,,login,medium,"upstream class contains explicit authentication, password, OAuth, or impersonation behavior"
vidio,VidioPremierIE,VidioPremier,requires_new_backend,,,,low,no exact Go mapping or existing shared-backend handoff was detected; manual family review is required
vidlii,VidLiiIE,VidLii,requires_new_backend,,,,low,no exact Go mapping or existing shared-backend handoff was detected; manual family review is required
vidly,VidlyIE,Vidly,requires_new_backend,,,,low,no exact Go mapping or existing shared-backend handoff was detected; manual family review is required
vidyard,VidyardIE,Vidyard,requires_new_backend,,,,low,no exact Go mapping or existing shared-backend handoff was detected; manual family review is required
viewlift,ViewLiftEmbedIE,ViewLiftEmbed,requires_new_backend,,,,low,no exact Go mapping or existing shared-backend handoff was detected; manual family review is required
viewlift,ViewLiftIE,ViewLift,requires_new_backend,,,,low,no exact Go mapping or existing shared-backend handoff was detected; manual family review is required
viidea,ViideaIE,Viidea,requires_new_backend,,,,low,no exact Go mapping or existing shared-backend handoff was detected; manual family review is required
vimeo,VHXEmbedIE,VHXEmbed,partially_supported,,,,medium,"the Go port implements this upstream site family, but no exact extractor-key mapping is proven"
vimeo,VimeoAlbumIE,VimeoAlbum,partially_supported,,vimeo,authentication,medium,"the Go port implements this upstream site family, but no exact extractor-key mapping is proven"
vimeo,VimeoChannelIE,VimeoChannel,partially_supported,,vimeo,,medium,"the Go port implements this upstream site family, but no exact extractor-key mapping is proven"
vimeo,VimeoEventIE,VimeoEvent,partially_supported,,vimeo,authentication;impersonation;password,medium,"the Go port implements this upstream site family, but no exact extractor-key mapping is proven"
vimeo,VimeoGroupsIE,VimeoGroups,partially_supported,,vimeo,,medium,"the Go port implements this upstream site family, but no exact extractor-key mapping is proven"
vimeo,VimeoIE,Vimeo,already_supported,vimeo,vimeo,impersonation;login;password,high,normalized upstream key exactly matches a registered Go extractor
vimeo,VimeoLikesIE,VimeoLikes,partially_supported,,vimeo,,medium,"the Go port implements this upstream site family, but no exact extractor-key mapping is proven"
vimeo,VimeoOndemandIE,VimeoOndemand,partially_supported,,vimeo,,medium,"the Go port implements this upstream site family, but no exact extractor-key mapping is proven"
vimeo,VimeoProIE,VimeoPro,partially_supported,,vimeo,password,medium,"the Go port implements this upstream site family, but no exact extractor-key mapping is proven"
vimeo,VimeoReviewIE,VimeoReview,partially_supported,,vimeo,password,medium,"the Go port implements this upstream site family, but no exact extractor-key mapping is proven"
vimeo,VimeoUserIE,VimeoUser,partially_supported,,vimeo,,medium,"the Go port implements this upstream site family, but no exact extractor-key mapping is proven"
vimeo,VimeoWatchLaterIE,VimeoWatchLater,partially_supported,,vimeo,login,medium,"the Go port implements this upstream site family, but no exact extractor-key mapping is proven"
viously,ViouslyIE,Viously,requires_new_backend,,,,low,no exact Go mapping or existing shared-backend handoff was detected; manual family review is required
viqeo,ViqeoIE,Viqeo,obsolete_or_intentional_deviation,,,,high,upstream class explicitly declares _WORKING = False
visir,VisirIE,Visir,requires_new_backend,,,,low,no exact Go mapping or existing shared-backend handoff was detected; manual family review is required
viu,ViuIE,Viu,requires_new_backend,,,,low,no exact Go mapping or existing shared-backend handoff was detected; manual family review is required
viu,ViuOTTIE,ViuOTT,requires_authentication_or_antibot,,,authentication;login,medium,"upstream class contains explicit authentication, password, OAuth, or impersonation behavior"
viu,ViuOTTIndonesiaIE,ViuOTTIndonesia,requires_authentication_or_antibot,,,authentication,medium,"upstream class contains explicit authentication, password, OAuth, or impersonation behavior"
viu,ViuPlaylistIE,ViuPlaylist,requires_new_backend,,,,low,no exact Go mapping or existing shared-backend handoff was detected; manual family review is required
vk,VKIE,VK,uses_existing_shared_backend,,vimeo,,medium,upstream class references a media backend already implemented in Go
vk,VKPlayIE,VKPlay,requires_new_backend,,,,low,no exact Go mapping or existing shared-backend handoff was detected; manual family review is required
vk,VKPlayLiveIE,VKPlayLive,requires_new_backend,,,,low,no exact Go mapping or existing shared-backend handoff was detected; manual family review is required
vk,VKUserVideosIE,VKUserVideos,requires_new_backend,,,,low,no exact Go mapping or existing shared-backend handoff was detected; manual family review is required
vk,VKWallPostIE,VKWallPost,requires_new_backend,,,,low,no exact Go mapping or existing shared-backend handoff was detected; manual family review is required
vocaroo,VocarooIE,Vocaroo,requires_new_backend,,,,low,no exact Go mapping or existing shared-backend handoff was detected; manual family review is required
vodplatform,VODPlatformIE,VODPlatform,requires_new_backend,,,,low,no exact Go mapping or existing shared-backend handoff was detected; manual family review is required
voicy,VoicyChannelIE,VoicyChannel,obsolete_or_intentional_deviation,,,,high,upstream class explicitly declares _WORKING = False
voicy,VoicyIE,Voicy,obsolete_or_intentional_deviation,,,,high,upstream class explicitly declares _WORKING = False
volejtv,VolejTVCategoryPlaylistIE,VolejTVCategoryPlaylist,requires_new_backend,,,,low,no exact Go mapping or existing shared-backend handoff was detected; manual family review is required
volejtv,VolejTVClubPlaylistIE,VolejTVClubPlaylist,requires_new_backend,,,,low,no exact Go mapping or existing shared-backend handoff was detected; manual family review is required
volejtv,VolejTVIE,VolejTV,requires_new_backend,,,,low,no exact Go mapping or existing shared-backend handoff was detected; manual family review is required
voxmedia,VoxMediaIE,VoxMedia,requires_new_backend,,,,low,no exact Go mapping or existing shared-backend handoff was detected; manual family review is required
voxmedia,VoxMediaVolumeIE,VoxMediaVolume,requires_new_backend,,,,low,no exact Go mapping or existing shared-backend handoff was detected; manual family review is required
vrsquare,VrSquareChannelIE,VrSquareChannel,requires_new_backend,,,,low,no exact Go mapping or existing shared-backend handoff was detected; manual family review is required
vrsquare,VrSquareIE,VrSquare,requires_authentication_or_antibot,,,login,medium,"upstream class contains explicit authentication, password, OAuth, or impersonation behavior"
vrsquare,VrSquareSearchIE,VrSquareSearch,requires_new_backend,,,,low,no exact Go mapping or existing shared-backend handoff was detected; manual family review is required
vrsquare,VrSquareSectionIE,VrSquareSection,requires_new_backend,,,,low,no exact Go mapping or existing shared-backend handoff was detected; manual family review is required
vrt,DagelijkseKostIE,DagelijkseKost,requires_new_backend,,,,low,no exact Go mapping or existing shared-backend handoff was detected; manual family review is required
vrt,Radio1BeIE,Radio1Be,requires_new_backend,,,,low,no exact Go mapping or existing shared-backend handoff was detected; manual family review is required
vrt,VRTIE,VRT,requires_new_backend,,,,low,no exact Go mapping or existing shared-backend handoff was detected; manual family review is required
vrt,VrtNUIE,VrtNU,requires_authentication_or_antibot,,,authentication;login,medium,"upstream class contains explicit authentication, password, OAuth, or impersonation behavior"
vtm,VTMIE,VTM,requires_authentication_or_antibot,,,login,medium,"upstream class contains explicit authentication, password, OAuth, or impersonation behavior"
vtv,VTVGoIE,VTVGo,requires_new_backend,,,,low,no exact Go mapping or existing shared-backend handoff was detected; manual family review is required
vtv,VTVIE,VTV,requires_new_backend,,,,low,no exact Go mapping or existing shared-backend handoff was detected; manual family review is required
walla,WallaIE,Walla,obsolete_or_intentional_deviation,,,,high,upstream class explicitly declares _WORKING = False
washingtonpost,WashingtonPostArticleIE,WashingtonPostArticle,requires_new_backend,,,,low,no exact Go mapping or existing shared-backend handoff was detected; manual family review is required
washingtonpost,WashingtonPostIE,WashingtonPost,already_supported,washingtonpost,arcpublishing,,high,normalized upstream key exactly matches a registered Go extractor
wat,WatIE,Wat,requires_new_backend,,,,low,no exact Go mapping or existing shared-backend handoff was detected; manual family review is required
wdr,WDRElefantIE,WDRElefant,requires_new_backend,,,,low,no exact Go mapping or existing shared-backend handoff was detected; manual family review is required
wdr,WDRIE,WDR,requires_new_backend,,,,low,no exact Go mapping or existing shared-backend handoff was detected; manual family review is required
wdr,WDRPageIE,WDRPage,requires_new_backend,,,,low,no exact Go mapping or existing shared-backend handoff was detected; manual family review is required
webcamerapl,WebcameraplIE,Webcamerapl,requires_new_backend,,,,low,no exact Go mapping or existing shared-backend handoff was detected; manual family review is required
webcaster,WebcasterFeedIE,WebcasterFeed,requires_new_backend,,,,low,no exact Go mapping or existing shared-backend handoff was detected; manual family review is required
webcaster,WebcasterIE,Webcaster,requires_new_backend,,,,low,no exact Go mapping or existing shared-backend handoff was detected; manual family review is required
webofstories,WebOfStoriesIE,WebOfStories,requires_new_backend,,,,low,no exact Go mapping or existing shared-backend handoff was detected; manual family review is required
webofstories,WebOfStoriesPlaylistIE,WebOfStoriesPlaylist,requires_new_backend,,,,low,no exact Go mapping or existing shared-backend handoff was detected; manual family review is required
weibo,WeiboIE,Weibo,requires_new_backend,,,,low,no exact Go mapping or existing shared-backend handoff was detected; manual family review is required
weibo,WeiboUserIE,WeiboUser,requires_new_backend,,,,low,no exact Go mapping or existing shared-backend handoff was detected; manual family review is required
weibo,WeiboVideoIE,WeiboVideo,requires_new_backend,,,,low,no exact Go mapping or existing shared-backend handoff was detected; manual family review is required
weiqitv,WeiqiTVIE,WeiqiTV,obsolete_or_intentional_deviation,,,,high,upstream class explicitly declares _WORKING = False
weverse,WeverseIE,Weverse,requires_new_backend,,,,low,no exact Go mapping or existing shared-backend handoff was detected; manual family review is required
weverse,WeverseLiveIE,WeverseLive,requires_new_backend,,,,low,no exact Go mapping or existing shared-backend handoff was detected; manual family review is required
weverse,WeverseLiveTabIE,WeverseLiveTab,requires_new_backend,,,,low,no exact Go mapping or existing shared-backend handoff was detected; manual family review is required
weverse,WeverseMediaIE,WeverseMedia,uses_existing_shared_backend,,youtube,,medium,upstream class references a media backend already implemented in Go
weverse,WeverseMediaTabIE,WeverseMediaTab,requires_new_backend,,,,low,no exact Go mapping or existing shared-backend handoff was detected; manual family review is required
weverse,WeverseMomentIE,WeverseMoment,requires_new_backend,,,,low,no exact Go mapping or existing shared-backend handoff was detected; manual family review is required
wevidi,WeVidiIE,WeVidi,requires_new_backend,,,,low,no exact Go mapping or existing shared-backend handoff was detected; manual family review is required
whowatch,WhoWatchIE,WhoWatch,obsolete_or_intentional_deviation,,,,high,upstream class explicitly declares _WORKING = False
whyp,WhypIE,Whyp,requires_new_backend,,,,low,no exact Go mapping or existing shared-backend handoff was detected; manual family review is required
wikimedia,WikimediaIE,Wikimedia,requires_new_backend,,,,low,no exact Go mapping or existing shared-backend handoff was detected; manual family review is required
wimbledon,WimbledonIE,Wimbledon,already_supported,wimbledon,brightcove,,high,normalized upstream key exactly matches a registered Go extractor
wimtv,WimTVIE,WimTV,requires_authentication_or_antibot,,,authentication,medium,"upstream class contains explicit authentication, password, OAuth, or impersonation behavior"
wistia,WistiaChannelIE,WistiaChannel,partially_supported,,wistia,,medium,"the Go port implements this upstream site family, but no exact extractor-key mapping is proven"
wistia,WistiaIE,Wistia,already_supported,wistia,wistia,,high,normalized upstream key exactly matches a registered Go extractor
wistia,WistiaPlaylistIE,WistiaPlaylist,partially_supported,,,,medium,"the Go port implements this upstream site family, but no exact extractor-key mapping is proven"
wordpress,WordpressMiniAudioPlayerEmbedIE,WordpressMiniAudioPlayerEmbed,requires_new_backend,,,,low,no exact Go mapping or existing shared-backend handoff was detected; manual family review is required
wordpress,WordpressPlaylistEmbedIE,WordpressPlaylistEmbed,requires_new_backend,,,,low,no exact Go mapping or existing shared-backend handoff was detected; manual family review is required
worldstarhiphop,WorldStarHipHopIE,WorldStarHipHop,requires_new_backend,,,,low,no exact Go mapping or existing shared-backend handoff was detected; manual family review is required
wppilot,WPPilotChannelsIE,WPPilotChannels,requires_new_backend,,,,low,no exact Go mapping or existing shared-backend handoff was detected; manual family review is required
wppilot,WPPilotIE,WPPilot,requires_new_backend,,,,low,no exact Go mapping or existing shared-backend handoff was detected; manual family review is required
wrestleuniverse,WrestleUniversePPVIE,WrestleUniversePPV,requires_new_backend,,,,low,no exact Go mapping or existing shared-backend handoff was detected; manual family review is required
wrestleuniverse,WrestleUniverseVODIE,WrestleUniverseVOD,requires_new_backend,,,,low,no exact Go mapping or existing shared-backend handoff was detected; manual family review is required
wsj,WSJArticleIE,WSJArticle,requires_authentication_or_antibot,,,impersonation,medium,"upstream class contains explicit authentication, password, OAuth, or impersonation behavior"
wsj,WSJIE,WSJ,requires_new_backend,,,,low,no exact Go mapping or existing shared-backend handoff was detected; manual family review is required
wwe,WWEIE,WWE,requires_new_backend,,,,low,no exact Go mapping or existing shared-backend handoff was detected; manual family review is required
wykop,WykopDigCommentIE,WykopDigComment,requires_new_backend,,,,low,no exact Go mapping or existing shared-backend handoff was detected; manual family review is required
wykop,WykopDigIE,WykopDig,requires_new_backend,,,,low,no exact Go mapping or existing shared-backend handoff was detected; manual family review is required
wykop,WykopPostCommentIE,WykopPostComment,requires_new_backend,,,,low,no exact Go mapping or existing shared-backend handoff was detected; manual family review is required
wykop,WykopPostIE,WykopPost,requires_new_backend,,,,low,no exact Go mapping or existing shared-backend handoff was detected; manual family review is required
xboxclips,XboxClipsIE,XboxClips,requires_new_backend,,,,low,no exact Go mapping or existing shared-backend handoff was detected; manual family review is required
xhamster,XHamsterEmbedIE,XHamsterEmbed,requires_new_backend,,,,low,no exact Go mapping or existing shared-backend handoff was detected; manual family review is required
xhamster,XHamsterIE,XHamster,requires_authentication_or_antibot,,,impersonation,medium,"upstream class contains explicit authentication, password, OAuth, or impersonation behavior"
xhamster,XHamsterUserIE,XHamsterUser,requires_new_backend,,,,low,no exact Go mapping or existing shared-backend handoff was detected; manual family review is required
xiaohongshu,XiaoHongShuIE,XiaoHongShu,requires_new_backend,,,,low,no exact Go mapping or existing shared-backend handoff was detected; manual family review is required
ximalaya,XimalayaAlbumIE,XimalayaAlbum,requires_new_backend,,,,low,no exact Go mapping or existing shared-backend handoff was detected; manual family review is required
ximalaya,XimalayaIE,Ximalaya,requires_new_backend,,,,low,no exact Go mapping or existing shared-backend handoff was detected; manual family review is required
xinpianchang,XinpianchangIE,Xinpianchang,requires_new_backend,,,,low,no exact Go mapping or existing shared-backend handoff was detected; manual family review is required
xminus,XMinusIE,XMinus,obsolete_or_intentional_deviation,,,,high,upstream class explicitly declares _WORKING = False
xnxx,XNXXIE,XNXX,requires_new_backend,,,,low,no exact Go mapping or existing shared-backend handoff was detected; manual family review is required
xvideos,XVideosIE,XVideos,requires_new_backend,,,,low,no exact Go mapping or existing shared-backend handoff was detected; manual family review is required
xvideos,XVideosQuickiesIE,XVideosQuickies,requires_new_backend,,,,low,no exact Go mapping or existing shared-backend handoff was detected; manual family review is required
xxxymovies,XXXYMoviesIE,XXXYMovies,requires_new_backend,,,,low,no exact Go mapping or existing shared-backend handoff was detected; manual family review is required
yahoo,YahooIE,Yahoo,uses_existing_shared_backend,,youtube,,medium,upstream class references a media backend already implemented in Go
yahoo,YahooJapanNewsIE,YahooJapanNews,requires_new_backend,,,,low,no exact Go mapping or existing shared-backend handoff was detected; manual family review is required
yahoo,YahooSearchIE,YahooSearch,requires_new_backend,,,,low,no exact Go mapping or existing shared-backend handoff was detected; manual family review is required
yandexdisk,YandexDiskIE,YandexDisk,requires_new_backend,,,,low,no exact Go mapping or existing shared-backend handoff was detected; manual family review is required
yandexmusic,YandexMusicAlbumIE,YandexMusicAlbum,requires_new_backend,,,,low,no exact Go mapping or existing shared-backend handoff was detected; manual family review is required
yandexmusic,YandexMusicArtistAlbumsIE,YandexMusicArtistAlbums,requires_new_backend,,,,low,no exact Go mapping or existing shared-backend handoff was detected; manual family review is required
yandexmusic,YandexMusicArtistTracksIE,YandexMusicArtistTracks,requires_new_backend,,,,low,no exact Go mapping or existing shared-backend handoff was detected; manual family review is required
yandexmusic,YandexMusicPlaylistIE,YandexMusicPlaylist,requires_new_backend,,,,low,no exact Go mapping or existing shared-backend handoff was detected; manual family review is required
yandexmusic,YandexMusicTrackIE,YandexMusicTrack,requires_new_backend,,,,low,no exact Go mapping or existing shared-backend handoff was detected; manual family review is required
yandexvideo,YandexVideoIE,YandexVideo,requires_new_backend,,,,low,no exact Go mapping or existing shared-backend handoff was detected; manual family review is required
yandexvideo,YandexVideoPreviewIE,YandexVideoPreview,requires_new_backend,,,,low,no exact Go mapping or existing shared-backend handoff was detected; manual family review is required
yandexvideo,ZenYandexChannelIE,ZenYandexChannel,requires_new_backend,,,,low,no exact Go mapping or existing shared-backend handoff was detected; manual family review is required
yandexvideo,ZenYandexIE,ZenYandex,requires_new_backend,,,,low,no exact Go mapping or existing shared-backend handoff was detected; manual family review is required
yapfiles,YapFilesIE,YapFiles,obsolete_or_intentional_deviation,,,,high,upstream class explicitly declares _WORKING = False
yappy,YappyIE,Yappy,obsolete_or_intentional_deviation,,,,high,upstream class explicitly declares _WORKING = False
yappy,YappyProfileIE,YappyProfile,requires_new_backend,,,,low,no exact Go mapping or existing shared-backend handoff was detected; manual family review is required
yfanefa,YfanefaIE,Yfanefa,requires_new_backend,,,,low,no exact Go mapping or existing shared-backend handoff was detected; manual family review is required
yle_areena,YleAreenaIE,YleAreena,uses_existing_shared_backend,,kaltura,,medium,upstream class references a media backend already implemented in Go
youjizz,YouJizzIE,YouJizz,requires_new_backend,,,,low,no exact Go mapping or existing shared-backend handoff was detected; manual family review is required
youku,YoukuIE,Youku,requires_authentication_or_antibot,,,password,medium,"upstream class contains explicit authentication, password, OAuth, or impersonation behavior"
youku,YoukuShowIE,YoukuShow,requires_new_backend,,,,low,no exact Go mapping or existing shared-backend handoff was detected; manual family review is required
younow,YouNowChannelIE,YouNowChannel,requires_new_backend,,,,low,no exact Go mapping or existing shared-backend handoff was detected; manual family review is required
younow,YouNowLiveIE,YouNowLive,requires_new_backend,,,,low,no exact Go mapping or existing shared-backend handoff was detected; manual family review is required
younow,YouNowMomentIE,YouNowMoment,requires_new_backend,,,,low,no exact Go mapping or existing shared-backend handoff was detected; manual family review is required
youporn,YouPornCategoryIE,YouPornCategory,requires_new_backend,,,,low,no exact Go mapping or existing shared-backend handoff was detected; manual family review is required
youporn,YouPornChannelIE,YouPornChannel,requires_new_backend,,,,low,no exact Go mapping or existing shared-backend handoff was detected; manual family review is required
youporn,YouPornCollectionIE,YouPornCollection,requires_new_backend,,,,low,no exact Go mapping or existing shared-backend handoff was detected; manual family review is required
youporn,YouPornIE,YouPorn,requires_new_backend,,,,low,no exact Go mapping or existing shared-backend handoff was detected; manual family review is required
youporn,YouPornStarIE,YouPornStar,requires_new_backend,,,,low,no exact Go mapping or existing shared-backend handoff was detected; manual family review is required
youporn,YouPornTagIE,YouPornTag,requires_new_backend,,,,low,no exact Go mapping or existing shared-backend handoff was detected; manual family review is required
youporn,YouPornVideosIE,YouPornVideos,requires_new_backend,,,,low,no exact Go mapping or existing shared-backend handoff was detected; manual family review is required
youtube,YoutubeClipIE,YoutubeClip,partially_supported,,youtube,,medium,"the Go port implements this upstream site family, but no exact extractor-key mapping is proven"
youtube,YoutubeConsentRedirectIE,YoutubeConsentRedirect,partially_supported,,youtube,,medium,"the Go port implements this upstream site family, but no exact extractor-key mapping is proven"
youtube,YoutubeFavouritesIE,YoutubeFavourites,partially_supported,,youtube,login,medium,"the Go port implements this upstream site family, but no exact extractor-key mapping is proven"
youtube,YoutubeHistoryIE,YoutubeHistory,partially_supported,,,,medium,"the Go port implements this upstream site family, but no exact extractor-key mapping is proven"
youtube,YoutubeIE,Youtube,already_supported,youtube,youtube,,high,normalized upstream key exactly matches a registered Go extractor
youtube,YoutubeLivestreamEmbedIE,YoutubeLivestreamEmbed,partially_supported,,youtube,,medium,"the Go port implements this upstream site family, but no exact extractor-key mapping is proven"
youtube,YoutubeMusicSearchURLIE,YoutubeMusicSearchURL,partially_supported,,youtube,,medium,"the Go port implements this upstream site family, but no exact extractor-key mapping is proven"
youtube,YoutubeNotificationsIE,YoutubeNotifications,partially_supported,,youtube,login,medium,"the Go port implements this upstream site family, but no exact extractor-key mapping is proven"
youtube,YoutubePlaylistIE,YoutubePlaylist,partially_supported,,youtube,,medium,"the Go port implements this upstream site family, but no exact extractor-key mapping is proven"
youtube,YoutubeRecommendedIE,YoutubeRecommended,partially_supported,,,login,medium,"the Go port implements this upstream site family, but no exact extractor-key mapping is proven"
youtube,YoutubeSearchIE,YoutubeSearch,already_supported,youtube_search,youtube,,high,normalized upstream key exactly matches a registered Go extractor
youtube,YoutubeSearchURLIE,YoutubeSearchURL,partially_supported,,,,medium,"the Go port implements this upstream site family, but no exact extractor-key mapping is proven"
youtube,YoutubeShortsAudioPivotIE,YoutubeShortsAudioPivot,partially_supported,,youtube,,medium,"the Go port implements this upstream site family, but no exact extractor-key mapping is proven"
youtube,YoutubeSubscriptionsIE,YoutubeSubscriptions,partially_supported,,,,medium,"the Go port implements this upstream site family, but no exact extractor-key mapping is proven"
youtube,YoutubeTabIE,YoutubeTab,partially_supported,,youtube,,medium,"the Go port implements this upstream site family, but no exact extractor-key mapping is proven"
youtube,YoutubeTruncatedIDIE,YoutubeTruncatedID,partially_supported,,youtube,,medium,"the Go port implements this upstream site family, but no exact extractor-key mapping is proven"
youtube,YoutubeTruncatedURLIE,YoutubeTruncatedURL,partially_supported,,youtube,,medium,"the Go port implements this upstream site family, but no exact extractor-key mapping is proven"
youtube,YoutubeWatchLaterIE,YoutubeWatchLater,partially_supported,,youtube,,medium,"the Go port implements this upstream site family, but no exact extractor-key mapping is proven"
youtube,YoutubeYtBeIE,YoutubeYtBe,partially_supported,,youtube,,medium,"the Go port implements this upstream site family, but no exact extractor-key mapping is proven"
youtube,YoutubeYtUserIE,YoutubeYtUser,partially_supported,,youtube,,medium,"the Go port implements this upstream site family, but no exact extractor-key mapping is proven"
zaiko,ZaikoETicketIE,ZaikoETicket,requires_new_backend,,,,low,no exact Go mapping or existing shared-backend handoff was detected; manual family review is required
zaiko,ZaikoIE,Zaiko,requires_new_backend,,,,low,no exact Go mapping or existing shared-backend handoff was detected; manual family review is required
zan,ZanIE,Zan,requires_authentication_or_antibot,,,login,medium,"upstream class contains explicit authentication, password, OAuth, or impersonation behavior"
zapiks,ZapiksIE,Zapiks,requires_new_backend,,,,low,no exact Go mapping or existing shared-backend handoff was detected; manual family review is required
zattoo,BBVTVIE,BBVTV,requires_new_backend,,,,low,no exact Go mapping or existing shared-backend handoff was detected; manual family review is required
zattoo,BBVTVLiveIE,BBVTVLive,requires_new_backend,,,,low,no exact Go mapping or existing shared-backend handoff was detected; manual family review is required
zattoo,BBVTVRecordingsIE,BBVTVRecordings,requires_new_backend,,,,low,no exact Go mapping or existing shared-backend handoff was detected; manual family review is required
zattoo,EWETVIE,EWETV,requires_new_backend,,,,low,no exact Go mapping or existing shared-backend handoff was detected; manual family review is required
zattoo,EWETVLiveIE,EWETVLive,requires_new_backend,,,,low,no exact Go mapping or existing shared-backend handoff was detected; manual family review is required
zattoo,EWETVRecordingsIE,EWETVRecordings,requires_new_backend,,,,low,no exact Go mapping or existing shared-backend handoff was detected; manual family review is required
zattoo,EinsUndEinsTVIE,EinsUndEinsTV,requires_new_backend,,,,low,no exact Go mapping or existing shared-backend handoff was detected; manual family review is required
zattoo,EinsUndEinsTVLiveIE,EinsUndEinsTVLive,requires_new_backend,,,,low,no exact Go mapping or existing shared-backend handoff was detected; manual family review is required
zattoo,EinsUndEinsTVRecordingsIE,EinsUndEinsTVRecordings,requires_new_backend,,,,low,no exact Go mapping or existing shared-backend handoff was detected; manual family review is required
zattoo,GlattvisionTVIE,GlattvisionTV,requires_new_backend,,,,low,no exact Go mapping or existing shared-backend handoff was detected; manual family review is required
zattoo,GlattvisionTVLiveIE,GlattvisionTVLive,requires_new_backend,,,,low,no exact Go mapping or existing shared-backend handoff was detected; manual family review is required
zattoo,GlattvisionTVRecordingsIE,GlattvisionTVRecordings,requires_new_backend,,,,low,no exact Go mapping or existing shared-backend handoff was detected; manual family review is required
zattoo,MNetTVIE,MNetTV,requires_new_backend,,,,low,no exact Go mapping or existing shared-backend handoff was detected; manual family review is required
zattoo,MNetTVLiveIE,MNetTVLive,requires_new_backend,,,,low,no exact Go mapping or existing shared-backend handoff was detected; manual family review is required
zattoo,MNetTVRecordingsIE,MNetTVRecordings,requires_new_backend,,,,low,no exact Go mapping or existing shared-backend handoff was detected; manual family review is required
zattoo,NetPlusTVIE,NetPlusTV,requires_new_backend,,,,low,no exact Go mapping or existing shared-backend handoff was detected; manual family review is required
zattoo,NetPlusTVLiveIE,NetPlusTVLive,requires_new_backend,,,,low,no exact Go mapping or existing shared-backend handoff was detected; manual family review is required
zattoo,NetPlusTVRecordingsIE,NetPlusTVRecordings,requires_new_backend,,,,low,no exact Go mapping or existing shared-backend handoff was detected; manual family review is required
zattoo,OsnatelTVIE,OsnatelTV,requires_new_backend,,,,low,no exact Go mapping or existing shared-backend handoff was detected; manual family review is required
zattoo,OsnatelTVLiveIE,OsnatelTVLive,requires_new_backend,,,,low,no exact Go mapping or existing shared-backend handoff was detected; manual family review is required
zattoo,OsnatelTVRecordingsIE,OsnatelTVRecordings,requires_new_backend,,,,low,no exact Go mapping or existing shared-backend handoff was detected; manual family review is required
zattoo,QuantumTVIE,QuantumTV,requires_new_backend,,,,low,no exact Go mapping or existing shared-backend handoff was detected; manual family review is required
zattoo,QuantumTVLiveIE,QuantumTVLive,requires_new_backend,,,,low,no exact Go mapping or existing shared-backend handoff was detected; manual family review is required
zattoo,QuantumTVRecordingsIE,QuantumTVRecordings,requires_new_backend,,,,low,no exact Go mapping or existing shared-backend handoff was detected; manual family review is required
zattoo,SAKTVIE,SAKTV,requires_new_backend,,,,low,no exact Go mapping or existing shared-backend handoff was detected; manual family review is required
zattoo,SAKTVLiveIE,SAKTVLive,requires_new_backend,,,,low,no exact Go mapping or existing shared-backend handoff was detected; manual family review is required
zattoo,SAKTVRecordingsIE,SAKTVRecordings,requires_new_backend,,,,low,no exact Go mapping or existing shared-backend handoff was detected; manual family review is required
zattoo,SaltTVIE,SaltTV,requires_new_backend,,,,low,no exact Go mapping or existing shared-backend handoff was detected; manual family review is required
zattoo,SaltTVLiveIE,SaltTVLive,requires_new_backend,,,,low,no exact Go mapping or existing shared-backend handoff was detected; manual family review is required
zattoo,SaltTVRecordingsIE,SaltTVRecordings,requires_new_backend,,,,low,no exact Go mapping or existing shared-backend handoff was detected; manual family review is required
zattoo,VTXTVIE,VTXTV,requires_new_backend,,,,low,no exact Go mapping or existing shared-backend handoff was detected; manual family review is required
zattoo,VTXTVLiveIE,VTXTVLive,requires_new_backend,,,,low,no exact Go mapping or existing shared-backend handoff was detected; manual family review is required
zattoo,VTXTVRecordingsIE,VTXTVRecordings,requires_new_backend,,,,low,no exact Go mapping or existing shared-backend handoff was detected; manual family review is required
zattoo,WalyTVIE,WalyTV,requires_new_backend,,,,low,no exact Go mapping or existing shared-backend handoff was detected; manual family review is required
zattoo,WalyTVLiveIE,WalyTVLive,requires_new_backend,,,,low,no exact Go mapping or existing shared-backend handoff was detected; manual family review is required
zattoo,WalyTVRecordingsIE,WalyTVRecordings,requires_new_backend,,,,low,no exact Go mapping or existing shared-backend handoff was detected; manual family review is required
zattoo,ZattooIE,Zattoo,requires_new_backend,,,,low,no exact Go mapping or existing shared-backend handoff was detected; manual family review is required
zattoo,ZattooLiveIE,ZattooLive,requires_new_backend,,,,low,no exact Go mapping or existing shared-backend handoff was detected; manual family review is required
zattoo,ZattooMoviesIE,ZattooMovies,requires_new_backend,,,,low,no exact Go mapping or existing shared-backend handoff was detected; manual family review is required
zattoo,ZattooRecordingsIE,ZattooRecordings,requires_new_backend,,,,low,no exact Go mapping or existing shared-backend handoff was detected; manual family review is required
zdf,ZDFChannelIE,ZDFChannel,requires_new_backend,,,,low,no exact Go mapping or existing shared-backend handoff was detected; manual family review is required
zdf,ZDFIE,ZDF,requires_new_backend,,,,low,no exact Go mapping or existing shared-backend handoff was detected; manual family review is required
zeenews,ZeeNewsIE,ZeeNews,obsolete_or_intentional_deviation,,,,high,upstream class explicitly declares _WORKING = False
zenporn,ZenPornIE,ZenPorn,requires_new_backend,,,,low,no exact Go mapping or existing shared-backend handoff was detected; manual family review is required
zetland,ZetlandDKArticleIE,ZetlandDKArticle,requires_new_backend,,,,low,no exact Go mapping or existing shared-backend handoff was detected; manual family review is required
zhihu,ZhihuIE,Zhihu,requires_new_backend,,,,low,no exact Go mapping or existing shared-backend handoff was detected; manual family review is required
zingmp3,ZingMp3AlbumIE,ZingMp3Album,requires_new_backend,,,,low,no exact Go mapping or existing shared-backend handoff was detected; manual family review is required
zingmp3,ZingMp3ChartHomeIE,ZingMp3ChartHome,requires_new_backend,,,,low,no exact Go mapping or existing shared-backend handoff was detected; manual family review is required
zingmp3,ZingMp3ChartMusicVideoIE,ZingMp3ChartMusicVideo,requires_new_backend,,,,low,no exact Go mapping or existing shared-backend handoff was detected; manual family review is required
zingmp3,ZingMp3HubIE,ZingMp3Hub,requires_new_backend,,,,low,no exact Go mapping or existing shared-backend handoff was detected; manual family review is required
zingmp3,ZingMp3IE,ZingMp3,requires_new_backend,,,,low,no exact Go mapping or existing shared-backend handoff was detected; manual family review is required
zingmp3,ZingMp3LiveRadioIE,ZingMp3LiveRadio,requires_new_backend,,,,low,no exact Go mapping or existing shared-backend handoff was detected; manual family review is required
zingmp3,ZingMp3PodcastEpisodeIE,ZingMp3PodcastEpisode,requires_new_backend,,,,low,no exact Go mapping or existing shared-backend handoff was detected; manual family review is required
zingmp3,ZingMp3PodcastIE,ZingMp3Podcast,requires_new_backend,,,,low,no exact Go mapping or existing shared-backend handoff was detected; manual family review is required
zingmp3,ZingMp3UserIE,ZingMp3User,requires_new_backend,,,,low,no exact Go mapping or existing shared-backend handoff was detected; manual family review is required
zingmp3,ZingMp3WeekChartIE,ZingMp3WeekChart,requires_new_backend,,,,low,no exact Go mapping or existing shared-backend handoff was detected; manual family review is required
zoom,ZoomClipsIE,ZoomClips,requires_new_backend,,,,low,no exact Go mapping or existing shared-backend handoff was detected; manual family review is required
zoom,ZoomIE,Zoom,requires_new_backend,,,,low,no exact Go mapping or existing shared-backend handoff was detected; manual family review is required
zype,ZypeIE,Zype,requires_new_backend,,,,low,no exact Go mapping or existing shared-backend handoff was detected; manual family review is required
